TIC,sector,filename,ebs_true,exo_true,flares_true,rot_true,ebs_pred,exo_pred,flares_pred,rot_pred
366972961,25,tess2020133194932-s0025-0000000366972961-0182-s_wt.npy,1.0,0.0,0.0,0.0,0.99472946,0.0023393214,0.0012954744,0.0016356541
349156098,31,tess2020294194027-s0031-0000000349156098-0198-s_wt.npy,1.0,0.0,0.0,0.0,0.84678304,0.1182125,0.016734961,0.018269567
139804406,1,tess2018206045859-s0001-0000000139804406-0120-s_wt.npy,0.0,0.0,1.0,0.0,0.0038858927,0.0069207065,0.9614623,0.027731087
237913194,28,tess2020212050318-s0028-0000000237913194-0190-s_wt.npy,0.0,1.0,0.0,0.0,0.0030156304,0.9886203,0.0069453423,0.0014188312
238123653,7,tess2019006130736-s0007-0000000238123653-0131-s_wt.npy,0.0,0.0,0.0,1.0,0.008506212,0.00548772,0.028992653,0.95701337
199709055,22,tess2020049080258-s0022-0000000199709055-0174-s_wt.npy,1.0,0.0,0.0,0.0,0.99649686,0.0014367731,0.00082396425,0.0012424539
70761819,2,tess2018234235059-s0002-0000000070761819-0121-s_wt.npy,0.0,0.0,1.0,0.0,0.037439648,0.40648514,0.39572257,0.16035253
308540614,8,tess2019032160000-s0008-0000000308540614-0136-s_wt.npy,0.0,0.0,0.0,1.0,0.0054826816,0.0060076527,0.0036796927,0.9848299
284348795,6,tess2018349182500-s0006-0000000284348795-0126-s_wt.npy,0.0,0.0,0.0,1.0,0.60688764,0.01947719,0.07446755,0.29916763
52019395,1,tess2018206045859-s0001-0000000052019395-0120-s_wt.npy,0.0,0.0,1.0,0.0,0.041009184,0.78557134,0.15318438,0.02023509
1981303680,14,tess2019198215352-s0014-0000001981303680-0150-s_wt.npy,0.0,0.0,0.0,1.0,0.010948021,0.0030402048,0.74465036,0.24136135
95660472,72,tess2023315124025-s0072-0000000095660472-0267-s_wt.npy,0.0,1.0,0.0,0.0,0.0066291178,0.98837274,0.0026092664,0.0023888268
411845789,17,tess2019279210107-s0017-0000000411845789-0161-s_wt.npy,0.0,0.0,0.0,1.0,0.0032831416,0.0068210852,0.98378223,0.00611353
237339854,1,tess2018206045859-s0001-0000000237339854-0120-s_wt.npy,0.0,0.0,1.0,0.0,0.71710426,0.04295476,0.19344907,0.046492003
229940491,16,tess2019253231442-s0016-0000000229940491-0152-s_wt.npy,1.0,0.0,0.0,0.0,0.0008421505,0.99748343,0.0009001208,0.00077428797
349274787,1,tess2018206045859-s0001-0000000349274787-0120-s_wt.npy,0.0,0.0,0.0,1.0,0.004048512,0.005179899,0.005809084,0.98496246
339185356,14,tess2019198215352-s0014-0000000339185356-0150-s_wt.npy,1.0,0.0,0.0,0.0,0.99004805,0.0059244777,0.0017425019,0.0022849068
167554898,10,tess2019085135100-s0010-0000000167554898-0140-s_wt.npy,1.0,0.0,0.0,0.0,0.66181463,0.2798918,0.017999992,0.040293545
84339983,44,tess2021284114741-s0044-0000000084339983-0215-s_wt.npy,0.0,1.0,0.0,0.0,0.01248241,0.030202685,0.013786962,0.94352794
204376737,2,tess2018234235059-s0002-0000000204376737-0121-s_wt.npy,0.0,1.0,0.0,0.0,0.0010317166,0.99735117,0.0008730612,0.0007439986
97908039,10,tess2019085135100-s0010-0000000097908039-0140-s_wt.npy,1.0,0.0,0.0,0.0,0.0037216141,0.0032522934,0.0072193686,0.9858067
234825296,6,tess2018349182500-s0006-0000000234825296-0126-s_wt.npy,0.0,1.0,0.0,0.0,0.0049942755,0.9861864,0.0041898508,0.004629516
260161144,2,tess2018234235059-s0002-0000000260161144-0121-s_wt.npy,1.0,0.0,0.0,0.0,0.98773265,0.0067530433,0.0029882274,0.0025261247
358466920,8,tess2019032160000-s0008-0000000358466920-0136-s_wt.npy,0.0,0.0,0.0,1.0,0.0027221143,0.004733977,0.002917293,0.98962665
229771234,23,tess2020078014623-s0023-0000000229771234-0177-s_wt.npy,1.0,0.0,0.0,0.0,0.97449976,0.0024743692,0.0015713774,0.021454366
293647739,34,tess2021014023720-s0034-0000000293647739-0204-s_wt.npy,0.0,0.0,0.0,1.0,0.0008748178,0.00076675025,0.00080312026,0.9975553
233080133,22,tess2020049080258-s0022-0000000233080133-0174-s_wt.npy,1.0,0.0,0.0,0.0,0.10086378,0.014673503,0.041964468,0.8424983
315810194,24,tess2020106103520-s0024-0000000315810194-0180-s_wt.npy,0.0,0.0,0.0,1.0,0.68064934,0.017586704,0.014429213,0.28733474
12509218,2,tess2018234235059-s0002-0000000012509218-0121-s_wt.npy,0.0,0.0,1.0,0.0,0.0024318376,0.0016152778,0.52689797,0.46905488
467971286,27,tess2020186164531-s0027-0000000467971286-0189-s_wt.npy,0.0,1.0,0.0,0.0,0.029444318,0.91954154,0.040395778,0.010618343
259168516,58,tess2022302161335-s0058-0000000259168516-0247-s_wt.npy,0.0,1.0,0.0,0.0,0.0014486474,0.95866793,0.03773464,0.0021488913
312060302,18,tess2019306063752-s0018-0000000312060302-0162-s_wt.npy,1.0,0.0,0.0,0.0,0.9887151,0.00241364,0.0064825225,0.0023887109
220323146,6,tess2018349182500-s0006-0000000220323146-0126-s_wt.npy,0.0,0.0,0.0,1.0,0.0041373414,0.0013690556,0.0026970634,0.9917965
50897666,32,tess2020324010417-s0032-0000000050897666-0200-s_wt.npy,0.0,0.0,0.0,1.0,0.1578337,0.02770813,0.081690654,0.7327675
150187916,6,tess2018349182500-s0006-0000000150187916-0126-s_wt.npy,1.0,0.0,0.0,0.0,0.0111896815,0.0015554435,0.0027210263,0.9845338
198382838,15,tess2019226182529-s0015-0000000198382838-0151-s_wt.npy,1.0,0.0,0.0,0.0,0.7758929,0.0026149289,0.0026313544,0.21886083
286865921,37,tess2021091135823-s0037-0000000286865921-0208-s_wt.npy,0.0,1.0,0.0,0.0,0.0006655966,0.998664,0.0004903806,0.00017997237
279219977,35,tess2021039152502-s0035-0000000279219977-0205-s_wt.npy,0.0,0.0,0.0,1.0,0.006348701,0.010068098,0.012014673,0.9715685
30313682,11,tess2019112060037-s0011-0000000030313682-0143-s_wt.npy,1.0,0.0,0.0,0.0,0.9942101,0.0026443054,0.0014496972,0.0016959106
366410512,34,tess2021014023720-s0034-0000000366410512-0204-s_wt.npy,0.0,1.0,0.0,0.0,0.86543304,0.10694527,0.013474362,0.014147382
444013020,45,tess2021310001228-s0045-0000000444013020-0216-s_wt.npy,0.0,1.0,0.0,0.0,0.000120289726,0.999585,0.00022350992,7.122711e-05
293687315,23,tess2020078014623-s0023-0000000293687315-0177-s_wt.npy,0.0,1.0,0.0,0.0,0.004114604,0.9862509,0.0064636436,0.0031708137
121213501,14,tess2019198215352-s0014-0000000121213501-0150-s_wt.npy,1.0,0.0,0.0,0.0,0.9917167,0.0026756553,0.0027654683,0.0028422778
405177882,10,tess2019085135100-s0010-0000000405177882-0140-s_wt.npy,1.0,0.0,0.0,0.0,0.9160999,0.0767657,0.0029475335,0.0041867495
382512638,9,tess2019058134432-s0009-0000000382512638-0139-s_wt.npy,0.0,0.0,0.0,1.0,0.0023585986,0.016779855,0.009209363,0.9716522
48084398,26,tess2020160202036-s0026-0000000048084398-0188-s_wt.npy,1.0,0.0,0.0,0.0,0.995622,0.001582885,0.00090445974,0.0018905848
394699148,27,tess2020186164531-s0027-0000000394699148-0189-s_wt.npy,1.0,0.0,0.0,0.0,0.9922158,0.002658899,0.0024786002,0.0026467855
271554665,11,tess2019112060037-s0011-0000000271554665-0143-s_wt.npy,0.0,0.0,0.0,1.0,0.0034821369,0.0072167865,0.0043909745,0.9849101
350146388,4,tess2018292075959-s0004-0000000350146388-0124-s_wt.npy,0.0,0.0,0.0,1.0,0.014446067,0.011138007,0.03066689,0.94374907
376939759,70,tess2023263165758-s0070-0000000376939759-0265-s_wt.npy,0.0,1.0,0.0,0.0,0.05452763,0.9226054,0.019452738,0.0034141869
314149533,17,tess2019279210107-s0017-0000000314149533-0161-s_wt.npy,0.0,0.0,0.0,1.0,0.8252188,0.07991299,0.0684442,0.026423942
229742722,18,tess2019306063752-s0018-0000000229742722-0162-s_wt.npy,0.0,1.0,0.0,0.0,0.021216866,0.96046585,0.00440656,0.01391077
178879588,32,tess2020324010417-s0032-0000000178879588-0200-s_wt.npy,0.0,1.0,0.0,0.0,0.015939321,0.97524184,0.0051677837,0.0036510758
360261300,12,tess2019140104343-s0012-0000000360261300-0144-s_wt.npy,0.0,0.0,0.0,1.0,0.039517112,0.02469791,0.22386202,0.71192294
263930790,26,tess2020160202036-s0026-0000000263930790-0188-s_wt.npy,1.0,0.0,0.0,0.0,0.9592587,0.0030581164,0.012462464,0.025220718
250707118,58,tess2022302161335-s0058-0000000250707118-0247-s_wt.npy,0.0,1.0,0.0,0.0,0.004305146,0.9942198,0.0007039572,0.00077110453
268403451,40,tess2021175071901-s0040-0000000268403451-0211-s_wt.npy,0.0,1.0,0.0,0.0,0.0011249308,0.9971679,0.0010363719,0.0006709506
278866211,5,tess2018319095959-s0005-0000000278866211-0125-s_wt.npy,1.0,0.0,0.0,0.0,0.016969802,0.9639364,0.010623558,0.008470231
408310006,35,tess2021039152502-s0035-0000000408310006-0205-s_wt.npy,0.0,1.0,0.0,0.0,0.008725278,0.9817006,0.0032655841,0.006308662
167343133,13,tess2019169103026-s0013-0000000167343133-0146-s_wt.npy,0.0,0.0,0.0,1.0,0.08472765,0.013838501,0.01623164,0.88520217
410451677,9,tess2019058134432-s0009-0000000410451677-0139-s_wt.npy,0.0,0.0,0.0,1.0,0.0027864096,0.0020609535,0.0028391643,0.99231344
323354786,11,tess2019112060037-s0011-0000000323354786-0143-s_wt.npy,0.0,0.0,0.0,1.0,0.008932716,0.010498105,0.19646558,0.7841036
140659978,32,tess2020324010417-s0032-0000000140659978-0200-s_wt.npy,1.0,0.0,0.0,0.0,0.98884904,0.00704178,0.0017076192,0.0024015629
274676647,26,tess2020160202036-s0026-0000000274676647-0188-s_wt.npy,1.0,0.0,0.0,0.0,0.99828476,0.00073651655,0.0005412035,0.00043744812
92865531,1,tess2018206045859-s0001-0000000092865531-0120-s_wt.npy,0.0,0.0,1.0,0.0,0.03933523,0.008193557,0.012545609,0.9399257
220391763,2,tess2018234235059-s0002-0000000220391763-0121-s_wt.npy,0.0,0.0,1.0,0.0,0.05395927,0.06581215,0.82308275,0.057145827
229793060,22,tess2020049080258-s0022-0000000229793060-0174-s_wt.npy,0.0,0.0,0.0,1.0,0.018032644,0.003481717,0.0040112054,0.97447443
198388252,17,tess2019279210107-s0017-0000000198388252-0161-s_wt.npy,1.0,0.0,0.0,0.0,0.99603194,0.0014747867,0.0012031057,0.0012900253
382383684,1,tess2018206045859-s0001-0000000382383684-0120-s_wt.npy,0.0,0.0,1.0,0.0,0.013172487,0.2857325,0.68696076,0.014134158
254131256,27,tess2020186164531-s0027-0000000254131256-0189-s_wt.npy,0.0,0.0,0.0,1.0,0.9288118,0.007454591,0.021428924,0.042304855
50619726,32,tess2020324010417-s0032-0000000050619726-0200-s_wt.npy,0.0,0.0,0.0,1.0,0.0071489266,0.0076877587,0.011584459,0.97357893
220476782,1,tess2018206045859-s0001-0000000220476782-0120-s_wt.npy,0.0,0.0,1.0,0.0,0.004187579,0.0055870786,0.9864179,0.003807394
238813187,1,tess2018206045859-s0001-0000000238813187-0120-s_wt.npy,0.0,0.0,1.0,0.0,0.7471191,0.13710164,0.09202658,0.02375266
51955546,24,tess2020106103520-s0024-0000000051955546-0180-s_wt.npy,1.0,0.0,0.0,0.0,0.97654974,0.0072960733,0.007539401,0.008614754
31779608,2,tess2018234235059-s0002-0000000031779608-0121-s_wt.npy,1.0,0.0,0.0,0.0,0.035460047,0.07733326,0.8678331,0.019373732
233195058,21,tess2020020091053-s0021-0000000233195058-0167-s_wt.npy,1.0,0.0,0.0,0.0,0.6687698,0.28941217,0.021858307,0.01995977
138644215,41,tess2021204101404-s0041-0000000138644215-0212-s_wt.npy,0.0,1.0,0.0,0.0,0.002881866,0.99197704,0.0034780628,0.001663071
366557556,25,tess2020133194932-s0025-0000000366557556-0182-s_wt.npy,1.0,0.0,0.0,0.0,0.97768915,0.0065488317,0.0074607776,0.008301291
55652785,11,tess2019112060037-s0011-0000000055652785-0143-s_wt.npy,1.0,0.0,0.0,0.0,0.9976845,0.00084044744,0.0005560361,0.000919035
237104103,51,tess2022112184951-s0051-0000000237104103-0223-s_wt.npy,0.0,1.0,0.0,0.0,0.001638697,0.9950288,0.001362995,0.0019695144
271893367,35,tess2021039152502-s0035-0000000271893367-0205-s_wt.npy,0.0,1.0,0.0,0.0,0.029524878,0.4142932,0.022980122,0.5332018
48499902,26,tess2020160202036-s0026-0000000048499902-0188-s_wt.npy,1.0,0.0,0.0,0.0,0.9181538,0.024249457,0.02004328,0.03755351
10398635,26,tess2020160202036-s0026-0000000010398635-0188-s_wt.npy,0.0,0.0,0.0,1.0,0.008701496,0.012292581,0.01708473,0.9619212
31850842,28,tess2020212050318-s0028-0000000031850842-0190-s_wt.npy,1.0,0.0,0.0,0.0,0.8855446,0.09369657,0.010460609,0.010298288
232038798,34,tess2021014023720-s0034-0000000232038798-0204-s_wt.npy,0.0,1.0,0.0,0.0,0.040042043,0.38835514,0.558595,0.013007828
142048746,11,tess2019112060037-s0011-0000000142048746-0143-s_wt.npy,0.0,0.0,0.0,1.0,0.0011306899,0.9920779,0.0019366074,0.004854777
467668926,11,tess2019112060037-s0011-0000000467668926-0143-s_wt.npy,0.0,0.0,0.0,1.0,0.0082431035,0.0025522124,0.004240502,0.9849642
279323859,9,tess2019058134432-s0009-0000000279323859-0139-s_wt.npy,1.0,0.0,0.0,0.0,0.9994299,0.00013797946,0.00019067676,0.00024145006
229510866,73,tess2023341045131-s0073-0000000229510866-0268-s_wt.npy,0.0,1.0,0.0,0.0,0.0018086019,0.9965989,0.0011557381,0.00043679413
420112589,21,tess2020020091053-s0021-0000000420112589-0167-s_wt.npy,0.0,1.0,0.0,0.0,0.040700454,0.20563231,0.06986124,0.683806
164786087,53,tess2022164095748-s0053-0000000164786087-0226-s_wt.npy,0.0,1.0,0.0,0.0,0.0022205363,0.99141616,0.003707949,0.002655421
53458803,34,tess2021014023720-s0034-0000000053458803-0204-s_wt.npy,0.0,1.0,0.0,0.0,0.0006453967,0.99821496,0.00051367894,0.0006258768
200668936,2,tess2018234235059-s0002-0000000200668936-0121-s_wt.npy,0.0,0.0,1.0,0.0,0.002260845,0.004611924,0.98718494,0.005942287
271893367,27,tess2020186164531-s0027-0000000271893367-0189-s_wt.npy,0.0,1.0,0.0,0.0,0.008655455,0.9886103,0.0015744762,0.001159633
239816546,45,tess2021310001228-s0045-0000000239816546-0216-s_wt.npy,0.0,1.0,0.0,0.0,0.0006535814,0.99858344,0.00051741285,0.00024560638
365733349,18,tess2019306063752-s0018-0000000365733349-0162-s_wt.npy,0.0,1.0,0.0,0.0,0.30448806,0.6691683,0.011691211,0.014652356
278078903,1,tess2018206045859-s0001-0000000278078903-0120-s_wt.npy,0.0,0.0,1.0,0.0,0.007558947,0.0065989187,0.19372001,0.7921221
192790476,33,tess2020351194500-s0033-0000000192790476-0203-s_wt.npy,0.0,1.0,0.0,0.0,0.029258171,0.11974861,0.079832025,0.7711612
287080092,57,tess2022273165103-s0057-0000000287080092-0245-s_wt.npy,0.0,1.0,0.0,0.0,0.014424984,0.121578254,0.83716905,0.026827717
85593751,58,tess2022302161335-s0058-0000000085593751-0247-s_wt.npy,0.0,1.0,0.0,0.0,0.0031983396,0.9931385,0.0022842183,0.0013789064
270424046,2,tess2018234235059-s0002-0000000270424046-0121-s_wt.npy,0.0,0.0,1.0,0.0,0.0031223402,0.003778509,0.9695842,0.023515025
349154435,5,tess2018319095959-s0005-0000000349154435-0125-s_wt.npy,1.0,0.0,0.0,0.0,0.9460776,0.04134669,0.005971675,0.006604046
356701798,23,tess2020078014623-s0023-0000000356701798-0177-s_wt.npy,1.0,0.0,0.0,0.0,0.9893283,0.0021201805,0.0032840238,0.0052674552
350030939,13,tess2019169103026-s0013-0000000350030939-0146-s_wt.npy,1.0,0.0,0.0,0.0,0.99203694,0.0028337524,0.0021665979,0.002962665
366410512,44,tess2021284114741-s0044-0000000366410512-0215-s_wt.npy,0.0,1.0,0.0,0.0,0.0012788502,0.99479926,0.002056164,0.0018657022
256512446,15,tess2019226182529-s0015-0000000256512446-0151-s_wt.npy,1.0,0.0,0.0,0.0,0.267429,0.40748325,0.26935354,0.05573428
219698950,10,tess2019085135100-s0010-0000000219698950-0140-s_wt.npy,0.0,1.0,0.0,0.0,0.005659347,0.98996395,0.0029217168,0.0014549494
321669174,54,tess2022190063128-s0054-0000000321669174-0227-s_wt.npy,0.0,1.0,0.0,0.0,0.00027725784,0.998613,0.00073959614,0.00037015177
272233699,1,tess2018206045859-s0001-0000000272233699-0120-s_wt.npy,0.0,0.0,0.0,1.0,0.021246267,0.009255128,0.012847513,0.95665103
140659978,8,tess2019032160000-s0008-0000000140659978-0136-s_wt.npy,1.0,0.0,0.0,0.0,0.3018498,0.18276677,0.05452129,0.46086213
188768068,54,tess2022190063128-s0054-0000000188768068-0227-s_wt.npy,0.0,1.0,0.0,0.0,0.027862882,0.7938574,0.030776605,0.1475031
262613883,13,tess2019169103026-s0013-0000000262613883-0146-s_wt.npy,0.0,0.0,0.0,1.0,0.0056382753,0.0022962997,0.004678803,0.98738664
412540862,11,tess2019112060037-s0011-0000000412540862-0143-s_wt.npy,0.0,0.0,0.0,1.0,0.0098068705,0.011358698,0.06590746,0.9129269
146344020,5,tess2018319095959-s0005-0000000146344020-0125-s_wt.npy,1.0,0.0,0.0,0.0,0.99074626,0.005777985,0.00084715977,0.002628553
59017926,12,tess2019140104343-s0012-0000000059017926-0144-s_wt.npy,0.0,0.0,0.0,1.0,0.0049303845,0.0049329665,0.0063051167,0.9838315
258920431,52,tess2022138205153-s0052-0000000258920431-0224-s_wt.npy,0.0,1.0,0.0,0.0,0.006461368,0.9845732,0.0034425152,0.0055229287
403842720,11,tess2019112060037-s0011-0000000403842720-0143-s_wt.npy,0.0,0.0,0.0,1.0,0.0043585147,0.0050143427,0.0054262048,0.985201
63452790,40,tess2021175071901-s0040-0000000063452790-0211-s_wt.npy,0.0,1.0,0.0,0.0,0.0033012268,0.9887473,0.0019235587,0.0060279123
299158887,53,tess2022164095748-s0053-0000000299158887-0226-s_wt.npy,0.0,1.0,0.0,0.0,0.0038593605,0.004105697,0.0057900897,0.98624486
373693175,49,tess2022057073128-s0049-0000000373693175-0221-s_wt.npy,0.0,1.0,0.0,0.0,0.0015133033,0.9971015,0.0007161467,0.00066907116
27039476,71,tess2023289093419-s0071-0000000027039476-0266-s_wt.npy,0.0,1.0,0.0,0.0,0.00016882212,0.999035,0.0004094002,0.0003866952
228507309,2,tess2018234235059-s0002-0000000228507309-0121-s_wt.npy,0.0,0.0,1.0,0.0,0.011225643,0.003707657,0.5811858,0.40388086
232608943,51,tess2022112184951-s0051-0000000232608943-0223-s_wt.npy,0.0,1.0,0.0,0.0,0.023428807,0.83442485,0.11501762,0.027128717
300010961,2,tess2018234235059-s0002-0000000300010961-0121-s_wt.npy,0.0,0.0,0.0,1.0,0.0014298452,0.00064207666,0.0011239174,0.9968041
120566166,2,tess2018234235059-s0002-0000000120566166-0121-s_wt.npy,0.0,0.0,1.0,0.0,0.002533696,0.0032165472,0.0040388773,0.9902109
79491341,1,tess2018206045859-s0001-0000000079491341-0120-s_wt.npy,0.0,0.0,1.0,0.0,0.008540209,0.2051048,0.7667641,0.019590905
220512758,1,tess2018206045859-s0001-0000000220512758-0120-s_wt.npy,0.0,0.0,1.0,0.0,0.0021176909,0.005603052,0.98566574,0.0066134906
142100389,19,tess2019331140908-s0019-0000000142100389-0164-s_wt.npy,0.0,0.0,0.0,1.0,0.0030846759,0.0013369409,0.0024824673,0.99309593
198073312,2,tess2018234235059-s0002-0000000198073312-0121-s_wt.npy,0.0,0.0,1.0,0.0,0.0111318575,0.92499137,0.056455825,0.0074210227
262400835,32,tess2020324010417-s0032-0000000262400835-0200-s_wt.npy,0.0,0.0,0.0,1.0,0.6445719,0.029197143,0.26573744,0.06049366
236887394,41,tess2021204101404-s0041-0000000236887394-0212-s_wt.npy,0.0,1.0,0.0,0.0,0.02949776,0.96303636,0.0042951535,0.0031707755
411839167,44,tess2021284114741-s0044-0000000411839167-0215-s_wt.npy,0.0,1.0,0.0,0.0,0.14869113,0.42694524,0.13532947,0.28903416
373693175,22,tess2020049080258-s0022-0000000373693175-0174-s_wt.npy,0.0,1.0,0.0,0.0,0.0019482304,0.99618065,0.0009710743,0.0009000239
373915220,28,tess2020212050318-s0028-0000000373915220-0190-s_wt.npy,1.0,0.0,0.0,0.0,0.9987178,0.0009220861,0.00014418009,0.00021591381
164458714,75,tess2024030031500-s0075-0000000164458714-0270-s_wt.npy,0.0,1.0,0.0,0.0,0.0027599528,0.9727226,0.0040945434,0.020422943
289793076,28,tess2020212050318-s0028-0000000289793076-0190-s_wt.npy,0.0,1.0,0.0,0.0,0.024325242,0.19160895,0.012710799,0.771355
454191600,32,tess2020324010417-s0032-0000000454191600-0200-s_wt.npy,0.0,0.0,0.0,1.0,0.0020606902,0.0018774039,0.001471597,0.9945903
350297040,7,tess2019006130736-s0007-0000000350297040-0131-s_wt.npy,1.0,0.0,0.0,0.0,0.9930098,0.0058690254,0.0004246991,0.0006964467
142109430,11,tess2019112060037-s0011-0000000142109430-0143-s_wt.npy,1.0,0.0,0.0,0.0,0.93460584,0.004509687,0.006539127,0.054345347
300293197,28,tess2020212050318-s0028-0000000300293197-0190-s_wt.npy,1.0,0.0,0.0,0.0,0.0052184667,0.015493964,0.006638714,0.97264886
197987557,1,tess2018206045859-s0001-0000000197987557-0120-s_wt.npy,0.0,0.0,1.0,0.0,0.056642104,0.12005089,0.5254995,0.29780743
175456846,2,tess2018234235059-s0002-0000000175456846-0121-s_wt.npy,0.0,0.0,1.0,0.0,0.012839663,0.00950922,0.2622648,0.71538633
229791084,40,tess2021175071901-s0040-0000000229791084-0211-s_wt.npy,0.0,1.0,0.0,0.0,0.0015605867,0.9963748,0.0010917279,0.00097290165
349480752,33,tess2020351194500-s0033-0000000349480752-0203-s_wt.npy,1.0,0.0,0.0,0.0,0.009301092,0.06893232,0.0131306145,0.908636
427399308,32,tess2020324010417-s0032-0000000427399308-0200-s_wt.npy,0.0,0.0,0.0,1.0,0.0011064466,0.0025494779,0.0034495022,0.9928946
231922739,33,tess2020351194500-s0033-0000000231922739-0203-s_wt.npy,1.0,0.0,0.0,0.0,0.997529,0.0009644861,0.00078147923,0.00072504976
321669174,57,tess2022273165103-s0057-0000000321669174-0245-s_wt.npy,0.0,1.0,0.0,0.0,0.03237081,0.3122683,0.021969697,0.6333912
373062137,24,tess2020106103520-s0024-0000000373062137-0180-s_wt.npy,0.0,0.0,0.0,1.0,0.023458077,0.05256588,0.03493957,0.88903654
167343133,11,tess2019112060037-s0011-0000000167343133-0143-s_wt.npy,0.0,0.0,0.0,1.0,0.013057282,0.011405122,0.009491596,0.966046
327953002,2,tess2018234235059-s0002-0000000327953002-0121-s_wt.npy,0.0,0.0,1.0,0.0,0.043370094,0.093729176,0.7814185,0.081482224
232982558,47,tess2021364111932-s0047-0000000232982558-0218-s_wt.npy,0.0,1.0,0.0,0.0,0.0020572713,0.9942154,0.0020477816,0.0016795523
339891888,1,tess2018206045859-s0001-0000000339891888-0120-s_wt.npy,0.0,0.0,1.0,0.0,0.000966102,0.9958825,0.0017508302,0.0014004972
427240420,24,tess2020106103520-s0024-0000000427240420-0180-s_wt.npy,1.0,0.0,0.0,0.0,0.65049374,0.33933362,0.0040161363,0.0061564455
273369281,1,tess2018206045859-s0001-0000000273369281-0120-s_wt.npy,0.0,0.0,1.0,0.0,0.0009408937,0.0028266585,0.9951139,0.0011184957
238917141,7,tess2019006130736-s0007-0000000238917141-0131-s_wt.npy,0.0,0.0,0.0,1.0,0.0043919855,0.006661438,0.008931237,0.98001534
219788401,19,tess2019331140908-s0019-0000000219788401-0164-s_wt.npy,1.0,0.0,0.0,0.0,0.9762913,0.008639992,0.007561333,0.0075074467
325564366,13,tess2019169103026-s0013-0000000325564366-0146-s_wt.npy,1.0,0.0,0.0,0.0,0.85957015,0.07407802,0.035106264,0.031245513
257060897,56,tess2022244194134-s0056-0000000257060897-0243-s_wt.npy,0.0,1.0,0.0,0.0,0.0008238974,0.9974596,0.0012510277,0.00046554737
144539611,4,tess2018292075959-s0004-0000000144539611-0124-s_wt.npy,1.0,0.0,0.0,0.0,0.96617347,0.02670636,0.003093188,0.0040269033
280068700,21,tess2020020091053-s0021-0000000280068700-0167-s_wt.npy,0.0,0.0,0.0,1.0,0.0030440798,0.00089898513,0.0012133858,0.9948435
233208885,14,tess2019198215352-s0014-0000000233208885-0150-s_wt.npy,1.0,0.0,0.0,0.0,0.9977307,0.0006815875,0.000718795,0.0008689639
177077475,29,tess2020238165205-s0029-0000000177077475-0193-s_wt.npy,1.0,0.0,0.0,0.0,0.07607156,0.08980431,0.053002637,0.78112155
46387429,6,tess2018349182500-s0006-0000000046387429-0126-s_wt.npy,0.0,0.0,0.0,1.0,0.223353,0.00772819,0.009793882,0.759125
134545456,34,tess2021014023720-s0034-0000000134545456-0204-s_wt.npy,0.0,0.0,0.0,1.0,0.01347314,0.0041723056,0.00599475,0.9763598
307783750,36,tess2021065132309-s0036-0000000307783750-0207-s_wt.npy,1.0,0.0,0.0,0.0,0.18439974,0.009318639,0.020517515,0.78576404
274039311,31,tess2020294194027-s0031-0000000274039311-0198-s_wt.npy,1.0,0.0,0.0,0.0,0.99584866,0.00202399,0.00074323174,0.001384106
349274787,7,tess2019006130736-s0007-0000000349274787-0131-s_wt.npy,0.0,0.0,0.0,1.0,0.0013334267,0.0014280172,0.0016856254,0.99555296
238595984,8,tess2019032160000-s0008-0000000238595984-0136-s_wt.npy,0.0,0.0,0.0,1.0,0.003416318,0.001363587,0.0022517818,0.99296826
317016534,1,tess2018206045859-s0001-0000000317016534-0120-s_wt.npy,0.0,0.0,1.0,0.0,0.06519044,0.022395397,0.68217903,0.2302352
299087490,41,tess2021204101404-s0041-0000000299087490-0212-s_wt.npy,0.0,1.0,0.0,0.0,0.001998409,0.9705403,0.012313061,0.015148141
260503393,32,tess2020324010417-s0032-0000000260503393-0200-s_wt.npy,0.0,0.0,0.0,1.0,0.005004088,0.004314246,0.0051721428,0.9855096
42884620,6,tess2018349182500-s0006-0000000042884620-0126-s_wt.npy,0.0,0.0,0.0,1.0,0.002744889,0.0010592678,0.0016417834,0.99455404
346338552,56,tess2022244194134-s0056-0000000346338552-0243-s_wt.npy,0.0,1.0,0.0,0.0,0.49149796,0.48665866,0.011161532,0.01068187
341125788,17,tess2019279210107-s0017-0000000341125788-0161-s_wt.npy,0.0,0.0,0.0,1.0,0.0011311346,0.00083207444,0.0005081811,0.9975286
229071346,2,tess2018234235059-s0002-0000000229071346-0121-s_wt.npy,0.0,0.0,1.0,0.0,0.009321655,0.008507537,0.024999296,0.9571715
38846515,2,tess2018234235059-s0002-0000000038846515-0121-s_wt.npy,0.0,1.0,0.0,0.0,0.005030709,0.9899273,0.0026963907,0.0023456884
304392811,2,tess2018234235059-s0002-0000000304392811-0121-s_wt.npy,0.0,0.0,1.0,0.0,0.003147712,0.988366,0.0074069537,0.0010793259
89257479,1,tess2018206045859-s0001-0000000089257479-0120-s_wt.npy,0.0,0.0,1.0,0.0,0.007881556,0.016515817,0.9389297,0.0366729
143141922,33,tess2020351194500-s0033-0000000143141922-0203-s_wt.npy,0.0,0.0,0.0,1.0,0.015095541,0.006641623,0.010851912,0.9674109
79301672,1,tess2018206045859-s0001-0000000079301672-0120-s_wt.npy,0.0,0.0,1.0,0.0,0.017753718,0.12573154,0.45415658,0.4023581
158170594,14,tess2019198215352-s0014-0000000158170594-0150-s_wt.npy,0.0,1.0,0.0,0.0,0.0012974738,0.99493825,0.0018586074,0.0019057222
94515514,7,tess2019006130736-s0007-0000000094515514-0131-s_wt.npy,0.0,0.0,0.0,1.0,0.021922361,0.0058006393,0.0071007027,0.96517634
228463618,2,tess2018234235059-s0002-0000000228463618-0121-s_wt.npy,0.0,0.0,1.0,0.0,0.021446723,0.317749,0.0738136,0.58699065
380117288,10,tess2019085135100-s0010-0000000380117288-0140-s_wt.npy,0.0,0.0,0.0,1.0,0.91725993,0.008554888,0.013371239,0.0608139
11197950,6,tess2018349182500-s0006-0000000011197950-0126-s_wt.npy,0.0,0.0,0.0,1.0,0.9657705,0.0039983504,0.0037931693,0.026438057
52588257,6,tess2018349182500-s0006-0000000052588257-0126-s_wt.npy,0.0,0.0,0.0,1.0,0.019314542,0.0057986965,0.0054460103,0.9694408
441054736,2,tess2018234235059-s0002-0000000441054736-0121-s_wt.npy,0.0,0.0,1.0,0.0,0.019517956,0.023519648,0.81809974,0.13886261
385553714,18,tess2019306063752-s0018-0000000385553714-0162-s_wt.npy,0.0,0.0,0.0,1.0,0.0010279481,0.00041844993,0.00037374347,0.9981799
339672028,35,tess2021039152502-s0035-0000000339672028-0205-s_wt.npy,0.0,1.0,0.0,0.0,0.038524102,0.71928155,0.056041855,0.18615253
260504147,2,tess2018234235059-s0002-0000000260504147-0121-s_wt.npy,1.0,0.0,0.0,0.0,0.99838746,0.0006375314,0.00042760605,0.0005474023
375853985,17,tess2019279210107-s0017-0000000375853985-0161-s_wt.npy,1.0,0.0,0.0,0.0,0.9974017,0.0011122655,0.00071630627,0.00076974096
55652896,32,tess2020324010417-s0032-0000000055652896-0200-s_wt.npy,1.0,0.0,0.0,0.0,0.13495095,0.81512564,0.024377435,0.02554594
11233542,18,tess2019306063752-s0018-0000000011233542-0162-s_wt.npy,0.0,0.0,0.0,1.0,0.0070269634,0.0015398044,0.0015752722,0.989858
306736831,2,tess2018234235059-s0002-0000000306736831-0121-s_wt.npy,0.0,0.0,1.0,0.0,0.009962094,0.0099863075,0.971991,0.008060632
436658862,5,tess2018319095959-s0005-0000000436658862-0125-s_wt.npy,0.0,0.0,0.0,1.0,0.0057288785,0.010071309,0.010605211,0.9735946
429304876,9,tess2019058134432-s0009-0000000429304876-0139-s_wt.npy,0.0,1.0,0.0,0.0,0.005137557,0.93242097,0.009433207,0.053008266
466248428,11,tess2019112060037-s0011-0000000466248428-0143-s_wt.npy,0.0,0.0,0.0,1.0,0.008296059,0.0061185863,0.11894585,0.86663944
49735922,70,tess2023263165758-s0070-0000000049735922-0265-s_wt.npy,0.0,1.0,0.0,0.0,0.0053713317,0.98588264,0.0042982413,0.0044477317
290131778,68,tess2023209231226-s0068-0000000290131778-0262-s_wt.npy,0.0,1.0,0.0,0.0,0.0034923619,0.99294865,0.0017838344,0.0017751498
286923464,49,tess2022057073128-s0049-0000000286923464-0221-s_wt.npy,0.0,1.0,0.0,0.0,0.79231983,0.20102407,0.0033315737,0.003324472
278988794,13,tess2019169103026-s0013-0000000278988794-0146-s_wt.npy,1.0,0.0,0.0,0.0,0.9506921,0.034579366,0.0064158435,0.008312694
76419763,26,tess2020160202036-s0026-0000000076419763-0188-s_wt.npy,0.0,1.0,0.0,0.0,0.00066417595,0.9980447,0.0007902373,0.0005008321
61898904,13,tess2019169103026-s0013-0000000061898904-0146-s_wt.npy,1.0,0.0,0.0,0.0,0.9973424,0.0010152968,0.00082415546,0.0008180862
308992761,32,tess2020324010417-s0032-0000000308992761-0200-s_wt.npy,0.0,0.0,0.0,1.0,0.0026649255,0.0022452623,0.002393179,0.9926966
349307344,31,tess2020294194027-s0031-0000000349307344-0198-s_wt.npy,0.0,0.0,0.0,1.0,0.01840172,0.083795115,0.85567623,0.042126957
341983711,16,tess2019253231442-s0016-0000000341983711-0152-s_wt.npy,1.0,0.0,0.0,0.0,0.0011002208,0.99331254,0.0011709731,0.0044162716
1129033,4,tess2018292075959-s0004-0000000001129033-0124-s_wt.npy,0.0,1.0,0.0,0.0,0.0011065275,0.9975374,0.0007575504,0.0005986719
231826813,29,tess2020238165205-s0029-0000000231826813-0193-s_wt.npy,1.0,0.0,0.0,0.0,0.31256425,0.42981797,0.07240678,0.18521094
364302118,12,tess2019140104343-s0012-0000000364302118-0144-s_wt.npy,1.0,0.0,0.0,0.0,0.9998758,4.3002314e-05,2.1654245e-05,5.9449907e-05
232982938,25,tess2020133194932-s0025-0000000232982938-0182-s_wt.npy,0.0,1.0,0.0,0.0,0.00022296587,0.9994387,7.43512e-05,0.0002640689
410451699,9,tess2019058134432-s0009-0000000410451699-0139-s_wt.npy,0.0,0.0,0.0,1.0,0.010468582,0.85989153,0.020884147,0.10875581
207468071,51,tess2022112184951-s0051-0000000207468071-0223-s_wt.npy,0.0,1.0,0.0,0.0,0.0057187327,0.014532427,0.008706817,0.97104204
198076334,4,tess2018292075959-s0004-0000000198076334-0124-s_wt.npy,1.0,0.0,0.0,0.0,0.968982,0.0050672754,0.0047081094,0.021242611
339672028,13,tess2019169103026-s0013-0000000339672028-0146-s_wt.npy,0.0,1.0,0.0,0.0,0.06706529,0.92164236,0.008652102,0.00264026
268403451,60,tess2022357055054-s0060-0000000268403451-0249-s_wt.npy,0.0,1.0,0.0,0.0,0.0020677736,0.99540555,0.001475813,0.0010508394
310785613,19,tess2019331140908-s0019-0000000310785613-0164-s_wt.npy,1.0,0.0,0.0,0.0,0.9935313,0.0036434238,0.0014394762,0.0013858761
306981513,12,tess2019140104343-s0012-0000000306981513-0144-s_wt.npy,1.0,0.0,0.0,0.0,0.8228378,0.028767515,0.01941396,0.12898071
147975720,7,tess2019006130736-s0007-0000000147975720-0131-s_wt.npy,1.0,0.0,0.0,0.0,0.73304605,0.25487563,0.006102102,0.0059762583
416036193,17,tess2019279210107-s0017-0000000416036193-0161-s_wt.npy,0.0,0.0,0.0,1.0,0.0019374833,0.0032163702,0.0044631036,0.9903831
417676622,41,tess2021204101404-s0041-0000000417676622-0212-s_wt.npy,0.0,1.0,0.0,0.0,0.00022323684,0.9990809,0.00023786385,0.00045800945
403224672,28,tess2020212050318-s0028-0000000403224672-0190-s_wt.npy,0.0,1.0,0.0,0.0,0.0011265834,0.99782073,0.0005499619,0.0005028262
94189743,35,tess2021039152502-s0035-0000000094189743-0205-s_wt.npy,0.0,0.0,0.0,1.0,0.0027076353,0.010459686,0.0023629142,0.9844698
237104103,25,tess2020133194932-s0025-0000000237104103-0182-s_wt.npy,0.0,1.0,0.0,0.0,0.0068282443,0.9861624,0.004414283,0.0025950754
45405286,35,tess2021039152502-s0035-0000000045405286-0205-s_wt.npy,0.0,0.0,0.0,1.0,0.00055199023,0.0051572267,0.0016369411,0.99265385
264101177,26,tess2020160202036-s0026-0000000264101177-0188-s_wt.npy,0.0,0.0,0.0,1.0,0.0042606313,0.004309985,0.0053450787,0.9860843
262530407,2,tess2018234235059-s0002-0000000262530407-0121-s_wt.npy,0.0,1.0,0.0,0.0,0.081374876,0.40202546,0.33286446,0.18373522
278991580,10,tess2019085135100-s0010-0000000278991580-0140-s_wt.npy,0.0,0.0,0.0,1.0,0.0011560307,0.0013278724,0.0020456526,0.9954704
59183599,12,tess2019140104343-s0012-0000000059183599-0144-s_wt.npy,0.0,0.0,0.0,1.0,0.0030047046,0.004446594,0.004234691,0.98831403
158657354,53,tess2022164095748-s0053-0000000158657354-0226-s_wt.npy,0.0,1.0,0.0,0.0,0.004567906,0.9859561,0.002356287,0.0071197413
219998026,2,tess2018234235059-s0002-0000000219998026-0121-s_wt.npy,0.0,0.0,1.0,0.0,0.0037788607,0.0020488526,0.002582306,0.99158996
377190161,15,tess2019226182529-s0015-0000000377190161-0151-s_wt.npy,1.0,0.0,0.0,0.0,0.9880354,0.0044067083,0.0034587742,0.0040990943
310645659,8,tess2019032160000-s0008-0000000310645659-0136-s_wt.npy,0.0,0.0,0.0,1.0,0.0005098811,0.0019721794,0.0009878244,0.9965301
340782794,2,tess2018234235059-s0002-0000000340782794-0121-s_wt.npy,1.0,0.0,0.0,0.0,0.9970687,0.0012374525,0.00085124944,0.00084259635
97735908,71,tess2023289093419-s0071-0000000097735908-0266-s_wt.npy,0.0,1.0,0.0,0.0,0.0020910243,0.99558276,0.0013077923,0.0010184203
382517745,7,tess2019006130736-s0007-0000000382517745-0131-s_wt.npy,1.0,0.0,0.0,0.0,0.99909854,0.0005991927,0.00012413922,0.00017812282
73448352,58,tess2022302161335-s0058-0000000073448352-0247-s_wt.npy,0.0,1.0,0.0,0.0,0.0012018001,0.9972537,0.000815349,0.00072917924
214517415,1,tess2018206045859-s0001-0000000214517415-0120-s_wt.npy,0.0,0.0,1.0,0.0,0.33848223,0.20806338,0.38037816,0.07307622
293694352,33,tess2020351194500-s0033-0000000293694352-0203-s_wt.npy,0.0,0.0,0.0,1.0,0.010247383,0.0030859956,0.0036258358,0.98304075
268301217,36,tess2021065132309-s0036-0000000268301217-0207-s_wt.npy,0.0,1.0,0.0,0.0,0.0030661572,0.985159,0.01054685,0.0012280804
180443507,2,tess2018234235059-s0002-0000000180443507-0121-s_wt.npy,0.0,0.0,1.0,0.0,0.0047713406,0.0039018402,0.006509666,0.9848172
278634010,1,tess2018206045859-s0001-0000000278634010-0120-s_wt.npy,0.0,0.0,1.0,0.0,0.013276596,0.011592666,0.034138557,0.9409921
307084982,29,tess2020238165205-s0029-0000000307084982-0193-s_wt.npy,1.0,0.0,0.0,0.0,0.9732623,0.020326752,0.003110853,0.0033000656
278866211,1,tess2018206045859-s0001-0000000278866211-0120-s_wt.npy,1.0,0.0,0.0,0.0,0.004506559,0.008990411,0.98519784,0.0013051227
229789143,22,tess2020049080258-s0022-0000000229789143-0174-s_wt.npy,0.0,0.0,0.0,1.0,0.0033994268,0.9853807,0.0057060844,0.0055137537
359497418,17,tess2019279210107-s0017-0000000359497418-0161-s_wt.npy,1.0,0.0,0.0,0.0,0.97726864,0.01932877,0.0013085912,0.0020939368
38846515,35,tess2021039152502-s0035-0000000038846515-0205-s_wt.npy,0.5,0.5,0.0,0.0,0.0020070588,0.99416476,0.0025616162,0.0012665201
194736844,18,tess2019306063752-s0018-0000000194736844-0162-s_wt.npy,1.0,0.0,0.0,0.0,0.9867191,0.0049405987,0.003830748,0.0045095207
319289907,1,tess2018206045859-s0001-0000000319289907-0120-s_wt.npy,0.0,0.0,1.0,0.0,0.0066454364,0.0014274495,0.0020210005,0.98990613
151825527,9,tess2019058134432-s0009-0000000151825527-0139-s_wt.npy,0.0,1.0,0.0,0.0,0.0022017134,0.9970331,0.0004359777,0.00032926307
382323697,3,tess2018263035959-s0003-0000000382323697-0123-s_wt.npy,1.0,0.0,0.0,0.0,0.9329354,0.040944483,0.010424911,0.015695209
40219040,14,tess2019198215352-s0014-0000000040219040-0150-s_wt.npy,1.0,0.0,0.0,0.0,0.9001694,0.0046774824,0.024854893,0.07029831
220474209,11,tess2019112060037-s0011-0000000220474209-0143-s_wt.npy,1.0,0.0,0.0,0.0,0.9865841,0.008442335,0.0022388026,0.0027348103
369386709,19,tess2019331140908-s0019-0000000369386709-0164-s_wt.npy,0.0,0.0,0.0,1.0,0.0005928106,0.00069479475,0.0009311933,0.9977812
358467049,31,tess2020294194027-s0031-0000000358467049-0198-s_wt.npy,0.0,0.0,0.0,1.0,0.0064667184,0.0059253047,0.03852659,0.9490814
284595199,16,tess2019253231442-s0016-0000000284595199-0152-s_wt.npy,1.0,0.0,0.0,0.0,0.9989372,0.00037466534,0.00030660987,0.00038156705
233679640,21,tess2020020091053-s0021-0000000233679640-0167-s_wt.npy,1.0,0.0,0.0,0.0,0.99061245,0.0031822813,0.001796317,0.0044089905
55497281,8,tess2019032160000-s0008-0000000055497281-0136-s_wt.npy,1.0,0.0,0.0,0.0,0.99649495,0.00240969,0.00029224245,0.00080320664
273583841,14,tess2019198215352-s0014-0000000273583841-0150-s_wt.npy,0.0,0.0,0.0,1.0,0.0064029754,0.0016188577,0.0020452263,0.989933
123357952,26,tess2020160202036-s0026-0000000123357952-0188-s_wt.npy,1.0,0.0,0.0,0.0,0.99227494,0.0023805387,0.0023168868,0.0030276445
199688472,26,tess2020160202036-s0026-0000000199688472-0188-s_wt.npy,1.0,0.0,0.0,0.0,0.9527322,0.040669255,0.0025014414,0.004097093
13037534,18,tess2019306063752-s0018-0000000013037534-0162-s_wt.npy,1.0,0.0,0.0,0.0,0.015965693,0.041903302,0.020764593,0.9213664
230530979,15,tess2019226182529-s0015-0000000230530979-0151-s_wt.npy,1.0,0.0,0.0,0.0,0.097677834,0.30894032,0.019252397,0.5741294
145964181,2,tess2018234235059-s0002-0000000145964181-0121-s_wt.npy,0.0,0.0,1.0,0.0,0.020129047,0.025418077,0.9146569,0.03979603
229676244,24,tess2020106103520-s0024-0000000229676244-0180-s_wt.npy,1.0,0.0,0.0,0.0,0.9676023,0.010822565,0.009557262,0.0120179
467356995,25,tess2020133194932-s0025-0000000467356995-0182-s_wt.npy,0.0,0.0,0.0,1.0,0.0048979325,0.045979884,0.005024926,0.9440972
303909865,1,tess2018206045859-s0001-0000000303909865-0120-s_wt.npy,0.0,0.0,1.0,0.0,0.947323,0.033616893,0.012337841,0.0067222263
268644785,36,tess2021065132309-s0036-0000000268644785-0207-s_wt.npy,0.0,1.0,0.0,0.0,0.00030874828,0.9989874,0.00045767843,0.0002461537
219362976,32,tess2020324010417-s0032-0000000219362976-0200-s_wt.npy,1.0,0.0,0.0,0.0,0.9952893,0.003538212,0.0005721063,0.00060030806
156933657,6,tess2018349182500-s0006-0000000156933657-0126-s_wt.npy,0.0,0.0,0.0,1.0,0.009906301,0.005066582,0.00804325,0.97698385
350618622,36,tess2021065132309-s0036-0000000350618622-0207-s_wt.npy,1.0,0.0,0.0,0.0,0.005037641,0.9773591,0.013783025,0.0038201835
44792534,31,tess2020294194027-s0031-0000000044792534-0198-s_wt.npy,0.0,1.0,0.0,0.0,0.0020345037,0.9954026,0.0011436375,0.0014192711
372913684,27,tess2020186164531-s0027-0000000372913684-0189-s_wt.npy,0.0,0.0,0.0,1.0,0.0048850956,0.001701597,0.0016795626,0.9917338
150167319,34,tess2021014023720-s0034-0000000150167319-0204-s_wt.npy,0.0,0.0,0.0,1.0,0.007055232,0.00554833,0.5435228,0.4438736
164458714,14,tess2019198215352-s0014-0000000164458714-0150-s_wt.npy,0.0,1.0,0.0,0.0,0.0035310562,0.99309266,0.0018801272,0.0014961517
11561667,62,tess2023043185947-s0062-0000000011561667-0254-s_wt.npy,0.0,1.0,0.0,0.0,0.0063784528,0.9915547,0.0009822871,0.0010846662
243244680,46,tess2021336043614-s0046-0000000243244680-0217-s_wt.npy,0.0,1.0,0.0,0.0,0.0010084568,0.99708885,0.0010916489,0.000811139
238156698,35,tess2021039152502-s0035-0000000238156698-0205-s_wt.npy,0.0,0.0,0.0,1.0,0.20632708,0.041378774,0.0106930025,0.74160117
769764753,34,tess2021014023720-s0034-0000000769764753-0204-s_wt.npy,0.0,0.0,0.0,1.0,0.004082239,0.004824892,0.00590582,0.9851871
388179896,3,tess2018263035959-s0003-0000000388179896-0123-s_wt.npy,1.0,0.0,0.0,0.0,0.99621224,0.0012290187,0.0014419225,0.0011168517
229810745,13,tess2019169103026-s0013-0000000229810745-0146-s_wt.npy,1.0,0.0,0.0,0.0,0.9900219,0.003217349,0.0030310748,0.0037297187
75143198,8,tess2019032160000-s0008-0000000075143198-0136-s_wt.npy,0.0,0.0,0.0,1.0,0.002022443,0.000599533,0.0020445997,0.9953334
177175199,34,tess2021014023720-s0034-0000000177175199-0204-s_wt.npy,1.0,0.0,0.0,0.0,0.9835625,0.004685767,0.0064010634,0.005350653
16740101,41,tess2021204101404-s0041-0000000016740101-0212-s_wt.npy,0.0,1.0,0.0,0.0,0.11213138,0.86955947,0.0068072984,0.0115018375
93549555,35,tess2021039152502-s0035-0000000093549555-0205-s_wt.npy,0.0,0.0,0.0,1.0,0.7219274,0.01684864,0.026382193,0.23484176
325205605,1,tess2018206045859-s0001-0000000325205605-0120-s_wt.npy,0.0,0.0,1.0,0.0,0.99766207,0.0009815312,0.000543199,0.0008131916
50742225,32,tess2020324010417-s0032-0000000050742225-0200-s_wt.npy,0.0,0.0,0.0,1.0,0.002029283,0.0031801914,0.19995824,0.7948322
436802660,35,tess2021039152502-s0035-0000000436802660-0205-s_wt.npy,1.0,0.0,0.0,0.0,0.18179846,0.023067584,0.035488926,0.75964504
48353358,41,tess2021204101404-s0041-0000000048353358-0212-s_wt.npy,0.0,1.0,0.0,0.0,0.0026822882,0.96846753,0.013710858,0.015139321
280738935,9,tess2019058134432-s0009-0000000280738935-0139-s_wt.npy,1.0,0.0,0.0,0.0,0.98463583,0.0044164243,0.003714531,0.007233192
25155310,34,tess2021014023720-s0034-0000000025155310-0204-s_wt.npy,0.5,0.5,0.0,0.0,0.0010065684,0.99727684,0.0011986686,0.0005178595
247468836,6,tess2018349182500-s0006-0000000247468836-0126-s_wt.npy,0.0,0.0,0.0,1.0,0.0059584896,0.024749864,0.06183966,0.907452
441732151,23,tess2020078014623-s0023-0000000441732151-0177-s_wt.npy,1.0,0.0,0.0,0.0,0.031211423,0.009016967,0.01811159,0.94166005
84069091,15,tess2019226182529-s0015-0000000084069091-0151-s_wt.npy,1.0,0.0,0.0,0.0,0.99917907,0.00039906334,0.000121088284,0.00030076664
448740792,10,tess2019085135100-s0010-0000000448740792-0140-s_wt.npy,0.0,0.0,0.0,1.0,0.016904693,0.01860465,0.036542557,0.92794806
458208929,12,tess2019140104343-s0012-0000000458208929-0144-s_wt.npy,0.0,0.0,0.0,1.0,0.6267534,0.005756754,0.010095824,0.357394
201642601,27,tess2020186164531-s0027-0000000201642601-0189-s_wt.npy,0.0,1.0,0.0,0.0,0.0038119936,0.9936639,0.0010137208,0.0015103573
1551345500,23,tess2020078014623-s0023-0000001551345500-0177-s_wt.npy,1.0,0.0,0.0,0.0,0.0019657258,0.99701154,0.0008567594,0.00016589282
86182628,22,tess2020049080258-s0022-0000000086182628-0174-s_wt.npy,1.0,0.0,0.0,0.0,0.9820388,0.014349141,0.0015563699,0.0020556059
199376584,75,tess2024030031500-s0075-0000000199376584-0270-s_wt.npy,0.0,1.0,0.0,0.0,0.5107368,0.069901876,0.011544237,0.407817
169468632,11,tess2019112060037-s0011-0000000169468632-0143-s_wt.npy,0.0,0.0,0.0,1.0,0.85173255,0.0040004086,0.005717239,0.13854982
103751498,47,tess2021364111932-s0047-0000000103751498-0218-s_wt.npy,0.0,1.0,0.0,0.0,0.002142374,0.9949549,0.0013716548,0.0015309782
3034524,19,tess2019331140908-s0019-0000000003034524-0164-s_wt.npy,1.0,0.0,0.0,0.0,0.9196329,0.024575131,0.025943749,0.029848136
232982558,52,tess2022138205153-s0052-0000000232982558-0224-s_wt.npy,0.0,1.0,0.0,0.0,0.0043072044,0.990146,0.0025353765,0.003011414
859477752,35,tess2021039152502-s0035-0000000859477752-0205-s_wt.npy,0.0,0.0,0.0,1.0,0.0096034175,0.12697676,0.008874576,0.8545453
300141210,33,tess2020351194500-s0033-0000000300141210-0203-s_wt.npy,1.0,0.0,0.0,0.0,0.6095751,0.08486467,0.027366484,0.2781937
306736831,6,tess2018349182500-s0006-0000000306736831-0126-s_wt.npy,0.0,0.0,0.0,1.0,0.006147009,0.011247801,0.97019595,0.012409236
55650590,28,tess2020212050318-s0028-0000000055650590-0190-s_wt.npy,0.0,1.0,0.0,0.0,0.0019363796,0.9918609,0.0028631731,0.0033395858
232038798,32,tess2020324010417-s0032-0000000232038798-0200-s_wt.npy,0.0,1.0,0.0,0.0,0.94407684,0.045554217,0.0015259741,0.008842929
436998675,11,tess2019112060037-s0011-0000000436998675-0143-s_wt.npy,0.0,0.0,0.0,1.0,0.007430296,0.0031840322,0.0048542824,0.98453134
358467115,10,tess2019085135100-s0010-0000000358467115-0140-s_wt.npy,0.0,0.0,0.0,1.0,0.057259157,0.005205056,0.0112322625,0.9263035
70797900,2,tess2018234235059-s0002-0000000070797900-0121-s_wt.npy,0.0,0.0,1.0,0.0,0.7396399,0.061706644,0.15885776,0.03979571
411839167,32,tess2020324010417-s0032-0000000411839167-0200-s_wt.npy,0.0,1.0,0.0,0.0,0.0059773815,0.97797567,0.005370488,0.010676484
309720946,16,tess2019253231442-s0016-0000000309720946-0152-s_wt.npy,1.0,0.0,0.0,0.0,0.9958723,0.0018797461,0.0011739398,0.0010739543
20891744,2,tess2018234235059-s0002-0000000020891744-0121-s_wt.npy,0.0,0.0,1.0,0.0,0.009163346,0.004632209,0.007874811,0.9783296
393490554,2,tess2018234235059-s0002-0000000393490554-0121-s_wt.npy,0.0,0.0,1.0,0.0,0.027409062,0.02437924,0.9322961,0.015915724
238896431,6,tess2018349182500-s0006-0000000238896431-0126-s_wt.npy,1.0,0.0,0.0,0.0,0.004539799,0.9908502,0.0009555011,0.0036545983
375035131,3,tess2018263035959-s0003-0000000375035131-0123-s_wt.npy,0.0,0.0,0.0,1.0,0.0010303922,0.0024563835,0.99338394,0.00312929
198008281,3,tess2018263035959-s0003-0000000198008281-0123-s_wt.npy,1.0,0.0,0.0,0.0,0.9912952,0.0035068498,0.0015838743,0.0036140704
43647325,5,tess2018319095959-s0005-0000000043647325-0125-s_wt.npy,0.0,1.0,0.0,0.0,0.0045260363,0.9900926,0.0032284642,0.002152997
249943198,18,tess2019306063752-s0018-0000000249943198-0162-s_wt.npy,1.0,0.0,0.0,0.0,0.72544324,0.006029739,0.008072978,0.26045412
408636441,17,tess2019279210107-s0017-0000000408636441-0161-s_wt.npy,0.0,1.0,0.0,0.0,0.0019237394,0.9922978,0.0029265988,0.0028517868
394050135,40,tess2021175071901-s0040-0000000394050135-0211-s_wt.npy,0.0,1.0,0.0,0.0,0.0018276563,0.9942782,0.002487367,0.0014067
146879345,6,tess2018349182500-s0006-0000000146879345-0126-s_wt.npy,1.0,0.0,0.0,0.0,0.9993231,0.00028652186,0.00017421789,0.00021622091
83092282,8,tess2019032160000-s0008-0000000083092282-0136-s_wt.npy,0.0,1.0,0.0,0.0,0.0029485263,0.0032502934,0.0038028585,0.9899983
251845153,2,tess2018234235059-s0002-0000000251845153-0121-s_wt.npy,0.0,0.0,1.0,0.0,0.6002172,0.10144805,0.17519683,0.12313793
298663873,14,tess2019198215352-s0014-0000000298663873-0150-s_wt.npy,0.0,1.0,0.0,0.0,0.007611494,0.9399519,0.04303205,0.00940458
70763008,2,tess2018234235059-s0002-0000000070763008-0121-s_wt.npy,0.0,0.0,1.0,0.0,0.01591665,0.80603796,0.08417121,0.09387413
722865779,19,tess2019331140908-s0019-0000000722865779-0164-s_wt.npy,1.0,0.0,0.0,0.0,0.020224923,0.030877473,0.031595808,0.9173018
219373406,13,tess2019169103026-s0013-0000000219373406-0146-s_wt.npy,1.0,0.0,0.0,0.0,0.9988599,0.0003884037,0.0002680521,0.00048369766
458478250,21,tess2020020091053-s0021-0000000458478250-0167-s_wt.npy,0.0,1.0,0.0,0.0,0.00087744766,0.9978108,0.0006242345,0.000687557
305399325,16,tess2019253231442-s0016-0000000305399325-0152-s_wt.npy,1.0,0.0,0.0,0.0,0.9775008,0.01069181,0.006632314,0.00517513
441734144,23,tess2020078014623-s0023-0000000441734144-0177-s_wt.npy,1.0,0.0,0.0,0.0,0.9993556,0.00021108189,0.00025320455,0.00018009392
101955023,36,tess2021065132309-s0036-0000000101955023-0207-s_wt.npy,0.0,1.0,0.0,0.0,0.010206078,0.80866534,0.17078862,0.010340038
348718444,1,tess2018206045859-s0001-0000000348718444-0120-s_wt.npy,0.0,0.0,1.0,0.0,0.0051644156,0.16669543,0.8240232,0.0041169655
355650859,2,tess2018234235059-s0002-0000000355650859-0121-s_wt.npy,0.0,0.0,1.0,0.0,0.005649085,0.0034712576,0.006148279,0.98473144
435339558,71,tess2023289093419-s0071-0000000435339558-0266-s_wt.npy,0.0,1.0,0.0,0.0,0.026643705,0.9095399,0.04271854,0.02109787
139104940,55,tess2022217014003-s0055-0000000139104940-0242-s_wt.npy,0.0,1.0,0.0,0.0,0.0010097924,0.9958532,0.00164169,0.0014953096
271971130,32,tess2020324010417-s0032-0000000271971130-0200-s_wt.npy,0.0,1.0,0.0,0.0,0.0009241123,0.99676055,0.0016681544,0.0006472329
464907793,11,tess2019112060037-s0011-0000000464907793-0143-s_wt.npy,0.0,0.0,0.0,1.0,0.006088536,0.0029743602,0.012219091,0.97871804
116483514,24,tess2020106103520-s0024-0000000116483514-0180-s_wt.npy,0.0,1.0,0.0,0.0,0.024957066,0.9476104,0.015442088,0.011990535
456168583,18,tess2019306063752-s0018-0000000456168583-0162-s_wt.npy,0.0,0.0,0.0,1.0,0.8693345,0.0014478078,0.0015523677,0.12766519
364395234,33,tess2020351194500-s0033-0000000364395234-0203-s_wt.npy,1.0,0.0,0.0,0.0,0.8884868,0.08914927,0.0041718,0.018192122
13349647,8,tess2019032160000-s0008-0000000013349647-0136-s_wt.npy,0.0,1.0,0.0,0.0,0.64816374,0.2390748,0.016816176,0.095945254
273864083,2,tess2018234235059-s0002-0000000273864083-0121-s_wt.npy,0.0,0.0,1.0,0.0,0.022867097,0.018838761,0.9419311,0.016363056
369361542,2,tess2018234235059-s0002-0000000369361542-0121-s_wt.npy,0.0,0.0,1.0,0.0,0.019917326,0.60096323,0.3654962,0.013623345
70775541,2,tess2018234235059-s0002-0000000070775541-0121-s_wt.npy,0.0,0.0,1.0,0.0,0.005235046,0.023095453,0.9689715,0.0026979337
266040657,19,tess2019331140908-s0019-0000000266040657-0164-s_wt.npy,0.0,0.0,0.0,1.0,0.0023358553,0.000585621,0.0006817531,0.99639684
235683377,22,tess2020049080258-s0022-0000000235683377-0174-s_wt.npy,0.0,1.0,0.0,0.0,0.0012852416,0.99442977,0.001772182,0.002512797
229400092,41,tess2021204101404-s0041-0000000229400092-0212-s_wt.npy,0.0,1.0,0.0,0.0,0.0005744117,0.9985245,0.0005842895,0.00031680486
264508409,14,tess2019198215352-s0014-0000000264508409-0150-s_wt.npy,1.0,0.0,0.0,0.0,0.9433606,0.030601785,0.018125406,0.007912152
288735205,20,tess2019357164649-s0020-0000000288735205-0165-s_wt.npy,0.0,1.0,0.0,0.0,0.00023565722,0.99920875,0.00031214659,0.00024343755
314864866,1,tess2018206045859-s0001-0000000314864866-0120-s_wt.npy,0.0,0.0,1.0,0.0,0.001727778,0.0011294439,0.9773242,0.01981859
382575967,10,tess2019085135100-s0010-0000000382575967-0140-s_wt.npy,0.0,0.0,0.0,1.0,0.003799791,0.0022634887,0.0029556812,0.99098104
229791084,48,tess2022027120115-s0048-0000000229791084-0219-s_wt.npy,0.0,1.0,0.0,0.0,0.0013833878,0.99733824,0.0007109681,0.00056739803
382200946,1,tess2018206045859-s0001-0000000382200946-0120-s_wt.npy,0.0,0.0,1.0,0.0,0.009025304,0.11200875,0.8574553,0.021510577
169249234,72,tess2023315124025-s0072-0000000169249234-0267-s_wt.npy,0.0,1.0,0.0,0.0,0.0005903687,0.9988663,0.00023496819,0.00030836952
8962122,2,tess2018234235059-s0002-0000000008962122-0121-s_wt.npy,0.0,0.0,1.0,0.0,0.03088886,0.30295196,0.3523494,0.31380978
450716635,11,tess2019112060037-s0011-0000000450716635-0143-s_wt.npy,0.0,0.0,0.0,1.0,0.003007562,0.014449996,0.0033188714,0.9792236
201251167,2,tess2018234235059-s0002-0000000201251167-0121-s_wt.npy,0.0,0.0,1.0,0.0,0.055583004,0.4590538,0.4442632,0.041100007
233732174,20,tess2019357164649-s0020-0000000233732174-0165-s_wt.npy,0.0,0.0,0.0,1.0,0.0011470378,0.0014016284,0.0019385851,0.9955128
23031858,34,tess2021014023720-s0034-0000000023031858-0204-s_wt.npy,0.0,0.0,0.0,1.0,0.7926223,0.021012045,0.06878493,0.11758073
270507305,39,tess2021146024351-s0039-0000000270507305-0210-s_wt.npy,1.0,0.0,0.0,0.0,0.972423,0.0103708,0.0033573748,0.0138487825
279362216,12,tess2019140104343-s0012-0000000279362216-0144-s_wt.npy,0.0,0.0,0.0,1.0,0.0040595853,0.0021106254,0.00263392,0.9911959
129913061,18,tess2019306063752-s0018-0000000129913061-0162-s_wt.npy,1.0,0.0,0.0,0.0,0.77778304,0.018313251,0.011532676,0.19237104
356896550,24,tess2020106103520-s0024-0000000356896550-0180-s_wt.npy,1.0,0.0,0.0,0.0,0.603308,0.017180232,0.12089987,0.25861195
142394656,21,tess2020020091053-s0021-0000000142394656-0167-s_wt.npy,0.0,1.0,0.0,0.0,0.158513,0.8205219,0.0064061745,0.014558946
301100741,18,tess2019306063752-s0018-0000000301100741-0162-s_wt.npy,0.0,0.0,0.0,1.0,0.17500794,0.013135009,0.016197436,0.79565966
304032310,1,tess2018206045859-s0001-0000000304032310-0120-s_wt.npy,0.0,0.0,1.0,0.0,0.037965275,0.47675154,0.1911375,0.29414573
271971130,37,tess2021091135823-s0037-0000000271971130-0208-s_wt.npy,0.0,1.0,0.0,0.0,0.0025000728,0.9877123,0.00573043,0.004057243
147085676,1,tess2018206045859-s0001-0000000147085676-0120-s_wt.npy,0.0,0.0,1.0,0.0,0.026581869,0.02012516,0.18016508,0.7731279
233904049,16,tess2019253231442-s0016-0000000233904049-0152-s_wt.npy,1.0,0.0,0.0,0.0,0.9960977,0.0012160827,0.0017520287,0.00093412655
394357918,1,tess2018206045859-s0001-0000000394357918-0120-s_wt.npy,0.0,1.0,0.0,0.0,0.0048374403,0.98367983,0.0051413663,0.0063413396
403236288,1,tess2018206045859-s0001-0000000403236288-0120-s_wt.npy,0.0,0.0,1.0,0.0,0.013421369,0.03551646,0.9221333,0.02892889
293853437,33,tess2020351194500-s0033-0000000293853437-0203-s_wt.npy,0.0,1.0,0.0,0.0,0.051070962,0.93754816,0.008523871,0.002857016
95660472,45,tess2021310001228-s0045-0000000095660472-0216-s_wt.npy,0.0,1.0,0.0,0.0,0.0031259751,0.99541026,0.000772504,0.0006912884
175184070,8,tess2019032160000-s0008-0000000175184070-0136-s_wt.npy,0.0,0.0,0.0,1.0,0.0036071523,0.0063973954,0.0031440274,0.9868514
144996772,35,tess2021039152502-s0035-0000000144996772-0205-s_wt.npy,0.0,0.0,0.0,1.0,0.30630136,0.01696713,0.02981581,0.6469156
233615823,19,tess2019331140908-s0019-0000000233615823-0164-s_wt.npy,0.0,0.0,0.0,1.0,0.022366269,0.013128553,0.018143049,0.94636214
162585282,36,tess2021065132309-s0036-0000000162585282-0207-s_wt.npy,1.0,0.0,0.0,0.0,0.9981577,0.00044468517,0.0004274705,0.00097012403
275458463,25,tess2020133194932-s0025-0000000275458463-0182-s_wt.npy,0.0,0.0,0.0,1.0,0.0033477815,0.0024516087,0.0118492935,0.9823513
453363533,12,tess2019140104343-s0012-0000000453363533-0144-s_wt.npy,0.0,0.0,0.0,1.0,0.0044526765,0.0021494795,0.0028315824,0.9905662
232982558,14,tess2019198215352-s0014-0000000232982558-0150-s_wt.npy,0.0,1.0,0.0,0.0,0.0011501475,0.9952089,0.0006031733,0.0030377652
294784522,35,tess2021039152502-s0035-0000000294784522-0205-s_wt.npy,1.0,0.0,0.0,0.0,0.993693,0.0016208563,0.0022407721,0.0024453984
261867566,12,tess2019140104343-s0012-0000000261867566-0144-s_wt.npy,0.0,1.0,0.0,0.0,0.2192686,0.7759391,0.0031674574,0.0016248103
410451223,4,tess2018292075959-s0004-0000000410451223-0124-s_wt.npy,0.0,0.0,0.0,1.0,0.0023367326,0.010046103,0.0035035063,0.98411363
350480660,28,tess2020212050318-s0028-0000000350480660-0190-s_wt.npy,1.0,0.0,0.0,0.0,0.16207163,0.80043745,0.020743519,0.01674739
161687316,22,tess2020049080258-s0022-0000000161687316-0174-s_wt.npy,1.0,0.0,0.0,0.0,0.1117154,0.21378052,0.3962058,0.27829826
315002523,35,tess2021039152502-s0035-0000000315002523-0205-s_wt.npy,1.0,0.0,0.0,0.0,0.0027298946,0.17415491,0.002506899,0.8206083
260286423,17,tess2019279210107-s0017-0000000260286423-0161-s_wt.npy,0.0,0.0,0.0,1.0,0.83418435,0.01357078,0.011350663,0.14089417
464380201,13,tess2019169103026-s0013-0000000464380201-0146-s_wt.npy,0.0,0.0,0.0,1.0,0.15242612,0.011211127,0.036965236,0.7993975
49174442,9,tess2019058134432-s0009-0000000049174442-0139-s_wt.npy,0.0,0.0,0.0,1.0,0.0040355967,0.00284826,0.009381021,0.9837351
420112589,41,tess2021204101404-s0041-0000000420112589-0212-s_wt.npy,0.0,1.0,0.0,0.0,0.0055488986,0.20655543,0.006397954,0.7814977
441687696,22,tess2020049080258-s0022-0000000441687696-0174-s_wt.npy,1.0,0.0,0.0,0.0,0.9924281,0.0027754793,0.0016829334,0.003113482
373985178,2,tess2018234235059-s0002-0000000373985178-0121-s_wt.npy,0.0,0.0,1.0,0.0,0.027216053,0.020068418,0.14449975,0.80821586
24133365,12,tess2019140104343-s0012-0000000024133365-0144-s_wt.npy,1.0,0.0,0.0,0.0,0.9976521,0.00080761896,0.0001449912,0.0013952794
366410512,7,tess2019006130736-s0007-0000000366410512-0131-s_wt.npy,0.0,1.0,0.0,0.0,0.006372892,0.9719785,0.014493828,0.007154736
239219717,14,tess2019198215352-s0014-0000000239219717-0150-s_wt.npy,0.0,0.0,0.0,1.0,0.9969799,0.0012814036,0.0009078821,0.0008307551
273699558,1,tess2018206045859-s0001-0000000273699558-0120-s_wt.npy,0.0,0.0,1.0,0.0,0.003725447,0.004727757,0.006684125,0.9848626
356701798,16,tess2019253231442-s0016-0000000356701798-0152-s_wt.npy,1.0,0.0,0.0,0.0,0.99289626,0.001100595,0.0020822699,0.0039208606
403224672,68,tess2023209231226-s0068-0000000403224672-0262-s_wt.npy,0.0,1.0,0.0,0.0,0.010489305,0.8815234,0.10271616,0.005271065
385012516,9,tess2019058134432-s0009-0000000385012516-0139-s_wt.npy,0.0,0.0,0.0,1.0,0.007942318,0.01048434,0.020269517,0.9613038
435929135,5,tess2018319095959-s0005-0000000435929135-0125-s_wt.npy,0.0,0.0,0.0,1.0,0.008270955,0.009377678,0.7875967,0.19475469
150143137,8,tess2019032160000-s0008-0000000150143137-0136-s_wt.npy,0.0,0.0,0.0,1.0,0.029057989,0.0020997513,0.0015131112,0.9673292
305399325,17,tess2019279210107-s0017-0000000305399325-0161-s_wt.npy,1.0,0.0,0.0,0.0,0.99792767,0.001027361,0.00041240017,0.0006324742
1400770435,24,tess2020106103520-s0024-0000001400770435-0180-s_wt.npy,1.0,0.0,0.0,0.0,0.604374,0.33121157,0.046465468,0.017948924
182751691,35,tess2021039152502-s0035-0000000182751691-0205-s_wt.npy,0.0,0.0,0.0,1.0,0.008470334,0.12082646,0.006822566,0.8638806
366622912,7,tess2019006130736-s0007-0000000366622912-0131-s_wt.npy,1.0,0.0,0.0,0.0,0.0009140081,0.9982287,0.0005822552,0.00027505128
158561566,15,tess2019226182529-s0015-0000000158561566-0151-s_wt.npy,0.0,1.0,0.0,0.0,0.0008172152,0.9958806,0.0012540872,0.0020480251
229864787,8,tess2019032160000-s0008-0000000229864787-0136-s_wt.npy,1.0,0.0,0.0,0.0,0.002909448,0.005805748,0.0025714946,0.9887134
38215399,20,tess2019357164649-s0020-0000000038215399-0165-s_wt.npy,1.0,0.0,0.0,0.0,0.9957937,0.0013614688,0.0012871855,0.001557652
152088075,2,tess2018234235059-s0002-0000000152088075-0121-s_wt.npy,0.0,0.0,1.0,0.0,0.060015716,0.015942343,0.0943443,0.8296976
149319411,8,tess2019032160000-s0008-0000000149319411-0136-s_wt.npy,1.0,0.0,0.0,0.0,0.9912963,0.0030561793,0.002351687,0.003295773
229742722,15,tess2019226182529-s0015-0000000229742722-0151-s_wt.npy,0.0,1.0,0.0,0.0,0.0012190357,0.99760026,0.00073849456,0.0004422079
234547938,2,tess2018234235059-s0002-0000000234547938-0121-s_wt.npy,0.0,0.0,1.0,0.0,0.06177575,0.68491393,0.07275695,0.1805533
12631605,4,tess2018292075959-s0004-0000000012631605-0124-s_wt.npy,1.0,0.0,0.0,0.0,0.9758254,0.010158829,0.004792524,0.009223122
359766629,12,tess2019140104343-s0012-0000000359766629-0144-s_wt.npy,0.0,0.0,0.0,1.0,0.0011485756,0.0022672876,0.0021627753,0.9944213
159054620,41,tess2021204101404-s0041-0000000159054620-0212-s_wt.npy,0.0,1.0,0.0,0.0,0.0023059635,0.99032193,0.0025785514,0.0047935057
121660904,40,tess2021175071901-s0040-0000000121660904-0211-s_wt.npy,0.0,1.0,0.0,0.0,0.0076096626,0.983914,0.0050298693,0.0034465317
425206121,7,tess2019006130736-s0007-0000000425206121-0131-s_wt.npy,0.0,1.0,0.0,0.0,0.006978603,0.9872891,0.0036036104,0.0021289038
383615666,10,tess2019085135100-s0010-0000000383615666-0140-s_wt.npy,0.0,0.0,0.0,1.0,0.3242835,0.007416286,0.028640991,0.6396593
220479565,36,tess2021065132309-s0036-0000000220479565-0207-s_wt.npy,0.0,1.0,0.0,0.0,0.0052589024,0.9848371,0.0026359211,0.0072680833
50583891,32,tess2020324010417-s0032-0000000050583891-0200-s_wt.npy,0.0,0.0,0.0,1.0,0.0059289658,0.0021743292,0.0031663019,0.9887304
150098860,65,tess2023124020739-s0065-0000000150098860-0259-s_wt.npy,0.0,1.0,0.0,0.0,0.012405038,0.6628882,0.006351758,0.31835502
198485881,20,tess2019357164649-s0020-0000000198485881-0165-s_wt.npy,0.0,1.0,0.0,0.0,0.0042835795,0.9862118,0.005385257,0.0041194153
243352373,15,tess2019226182529-s0015-0000000243352373-0151-s_wt.npy,1.0,0.0,0.0,0.0,0.99732995,0.0010671071,0.0010355909,0.00056731136
281113932,19,tess2019331140908-s0019-0000000281113932-0164-s_wt.npy,0.0,0.0,0.0,1.0,0.035100233,0.0025780064,0.008852492,0.9534692
94189737,35,tess2021039152502-s0035-0000000094189737-0205-s_wt.npy,0.0,0.0,0.0,1.0,0.002138424,0.008886267,0.0020928385,0.9868825
237200747,18,tess2019306063752-s0018-0000000237200747-0162-s_wt.npy,1.0,0.0,0.0,0.0,0.0147988275,0.46281675,0.017636778,0.50474757
48353358,55,tess2022217014003-s0055-0000000048353358-0242-s_wt.npy,0.0,1.0,0.0,0.0,0.02938548,0.5640877,0.38620263,0.020324089
403121771,1,tess2018206045859-s0001-0000000403121771-0120-s_wt.npy,0.0,0.0,1.0,0.0,0.021626119,0.37273288,0.5616272,0.044013858
259449464,7,tess2019006130736-s0007-0000000259449464-0131-s_wt.npy,0.0,0.0,0.0,1.0,0.0010643586,0.0059646266,0.0027648718,0.9902062
158112413,33,tess2020351194500-s0033-0000000158112413-0203-s_wt.npy,0.0,0.0,0.0,1.0,0.0034817746,0.006259972,0.005037383,0.98522085
17409453,70,tess2023263165758-s0070-0000000017409453-0265-s_wt.npy,0.0,1.0,0.0,0.0,0.0026614203,0.9791393,0.004467939,0.013731315
229742722,73,tess2023341045131-s0073-0000000229742722-0268-s_wt.npy,0.0,1.0,0.0,0.0,0.0031642138,0.9851832,0.006320406,0.005332128
178938417,5,tess2018319095959-s0005-0000000178938417-0125-s_wt.npy,1.0,0.0,0.0,0.0,0.08047292,0.5515543,0.10528344,0.26268932
287156968,13,tess2019169103026-s0013-0000000287156968-0146-s_wt.npy,0.0,1.0,0.0,0.0,0.001983818,0.99349195,0.002432735,0.002091572
53976470,1,tess2018206045859-s0001-0000000053976470-0120-s_wt.npy,0.0,0.0,1.0,0.0,0.011869602,0.9403801,0.0428578,0.0048924536
293694352,34,tess2021014023720-s0034-0000000293694352-0204-s_wt.npy,0.0,0.0,0.0,1.0,0.009147144,0.0024133748,0.0033368794,0.98510265
279573142,6,tess2018349182500-s0006-0000000279573142-0126-s_wt.npy,0.0,0.0,0.0,1.0,0.02786066,0.0042598015,0.019430656,0.94844884
236996723,17,tess2019279210107-s0017-0000000236996723-0161-s_wt.npy,0.0,0.0,0.0,1.0,0.07770347,0.009572929,0.032135185,0.8805885
17746821,44,tess2021284114741-s0044-0000000017746821-0215-s_wt.npy,0.0,1.0,0.0,0.0,0.010349317,0.983913,0.0021172762,0.0036204644
257691369,4,tess2018292075959-s0004-0000000257691369-0124-s_wt.npy,1.0,0.0,0.0,0.0,0.02632436,0.85635483,0.03988775,0.07743303
310645659,11,tess2019112060037-s0011-0000000310645659-0143-s_wt.npy,0.0,0.0,0.0,1.0,0.33266243,0.012324391,0.037949145,0.61706406
410214986,27,tess2020186164531-s0027-0000000410214986-0189-s_wt.npy,0.0,1.0,0.0,0.0,0.015871106,0.00721823,0.01072375,0.96618694
356701798,17,tess2019279210107-s0017-0000000356701798-0161-s_wt.npy,1.0,0.0,0.0,0.0,0.9982821,0.00033622078,0.00041461774,0.00096716353
149175965,2,tess2018234235059-s0002-0000000149175965-0121-s_wt.npy,0.0,0.0,1.0,0.0,0.017737256,0.018676035,0.9504715,0.013115136
367691816,24,tess2020106103520-s0024-0000000367691816-0180-s_wt.npy,1.0,0.0,0.0,0.0,0.69618297,0.009503485,0.017774925,0.2765386
220029715,11,tess2019112060037-s0011-0000000220029715-0143-s_wt.npy,1.0,0.0,0.0,0.0,0.0080590695,0.98596364,0.0011924092,0.0047849035
147369344,33,tess2020351194500-s0033-0000000147369344-0203-s_wt.npy,0.0,0.0,0.0,1.0,0.0059298486,0.006343656,0.0068036113,0.9809229
339672028,9,tess2019058134432-s0009-0000000339672028-0139-s_wt.npy,0.0,1.0,0.0,0.0,0.0027299917,0.99625385,0.0007606285,0.00025544476
347809861,37,tess2021091135823-s0037-0000000347809861-0208-s_wt.npy,1.0,0.0,0.0,0.0,0.9991399,0.00038082935,0.00025141975,0.00022790174
366576758,46,tess2021336043614-s0046-0000000366576758-0217-s_wt.npy,0.0,1.0,0.0,0.0,0.0008950738,0.9973574,0.0011884242,0.00055907393
255637617,7,tess2019006130736-s0007-0000000255637617-0131-s_wt.npy,0.0,0.0,0.0,1.0,0.057030432,0.2664235,0.147677,0.5288691
424439457,14,tess2019198215352-s0014-0000000424439457-0150-s_wt.npy,1.0,0.0,0.0,0.0,0.99515754,0.0035800496,0.00056344946,0.0006988382
372913684,31,tess2020294194027-s0031-0000000372913684-0198-s_wt.npy,0.0,0.0,0.0,1.0,0.012683182,0.0039693727,0.003474998,0.97987247
59468405,6,tess2018349182500-s0006-0000000059468405-0126-s_wt.npy,0.0,0.0,0.0,1.0,0.6498792,0.05003513,0.12463002,0.17545559
364186197,52,tess2022138205153-s0052-0000000364186197-0224-s_wt.npy,0.0,1.0,0.0,0.0,0.0059621385,0.9931773,0.00042565132,0.00043482668
408041595,32,tess2020324010417-s0032-0000000408041595-0200-s_wt.npy,0.0,0.0,0.0,1.0,0.0058947266,0.012727886,0.969413,0.011964364
305425350,12,tess2019140104343-s0012-0000000305425350-0144-s_wt.npy,0.0,0.0,0.0,1.0,0.0063919956,0.0023329041,0.009521221,0.9817539
276935996,28,tess2020212050318-s0028-0000000276935996-0190-s_wt.npy,1.0,0.0,0.0,0.0,0.009018446,0.0027917589,0.0048207724,0.98336905
167656297,4,tess2018292075959-s0004-0000000167656297-0124-s_wt.npy,1.0,0.0,0.0,0.0,0.35356426,0.6071372,0.012213129,0.027085328
50726906,32,tess2020324010417-s0032-0000000050726906-0200-s_wt.npy,0.0,0.0,0.0,1.0,0.08034242,0.15178956,0.72195625,0.04591184
467181063,24,tess2020106103520-s0024-0000000467181063-0180-s_wt.npy,1.0,0.0,0.0,0.0,0.007629723,0.91143787,0.053857785,0.027074583
230063769,15,tess2019226182529-s0015-0000000230063769-0151-s_wt.npy,1.0,0.0,0.0,0.0,0.9440183,0.04704937,0.0034947852,0.0054375217
261136679,12,tess2019140104343-s0012-0000000261136679-0144-s_wt.npy,0.0,1.0,0.0,0.0,0.011672782,0.97960556,0.004872227,0.0038494165
142109430,12,tess2019140104343-s0012-0000000142109430-0144-s_wt.npy,1.0,0.0,0.0,0.0,0.97871757,0.0024411092,0.0026752257,0.016166143
252554485,16,tess2019253231442-s0016-0000000252554485-0152-s_wt.npy,1.0,0.0,0.0,0.0,0.034924135,0.045831557,0.027478749,0.8917655
259373684,31,tess2020294194027-s0031-0000000259373684-0198-s_wt.npy,1.0,0.0,0.0,0.0,0.9552528,0.01855489,0.009515654,0.016676635
116242971,40,tess2021175071901-s0040-0000000116242971-0211-s_wt.npy,0.0,1.0,0.0,0.0,0.0009657556,0.9986753,0.0002653905,9.358577e-05
300560295,38,tess2021118034608-s0038-0000000300560295-0209-s_wt.npy,1.0,0.0,0.0,0.0,0.99926597,0.00056708127,6.968008e-05,9.7183765e-05
431701493,56,tess2022244194134-s0056-0000000431701493-0243-s_wt.npy,0.0,1.0,0.0,0.0,0.0011535321,0.99722844,0.0009296994,0.00068830606
358516596,40,tess2021175071901-s0040-0000000358516596-0211-s_wt.npy,0.0,1.0,0.0,0.0,0.50285256,0.45901814,0.018697845,0.019431468
153991851,15,tess2019226182529-s0015-0000000153991851-0151-s_wt.npy,1.0,0.0,0.0,0.0,0.99069667,0.0019153584,0.0033764956,0.0040115616
344175577,9,tess2019058134432-s0009-0000000344175577-0139-s_wt.npy,0.0,0.0,0.0,1.0,0.02396356,0.0051183305,0.02373551,0.9471826
263179590,33,tess2020351194500-s0033-0000000263179590-0203-s_wt.npy,0.0,1.0,0.0,0.0,0.0024790051,0.96049136,0.0050967345,0.031932898
237918270,2,tess2018234235059-s0002-0000000237918270-0121-s_wt.npy,0.0,0.0,1.0,0.0,0.29335257,0.520713,0.114729516,0.07120493
459789367,21,tess2020020091053-s0021-0000000459789367-0167-s_wt.npy,1.0,0.0,0.0,0.0,0.9989152,0.00031039928,0.00018007105,0.00059429905
365733349,24,tess2020106103520-s0024-0000000365733349-0180-s_wt.npy,0.0,1.0,0.0,0.0,0.06868665,0.8924728,0.03232699,0.0065135234
262613883,8,tess2019032160000-s0008-0000000262613883-0136-s_wt.npy,0.0,0.0,0.0,1.0,0.003799901,0.0022548693,0.0044361437,0.9895091
251840507,2,tess2018234235059-s0002-0000000251840507-0121-s_wt.npy,0.0,0.0,1.0,0.0,0.041892163,0.0028893575,0.007225867,0.94799256
159725995,40,tess2021175071901-s0040-0000000159725995-0211-s_wt.npy,0.0,1.0,0.0,0.0,0.01730868,0.8535522,0.08438176,0.044757314
50584235,32,tess2020324010417-s0032-0000000050584235-0200-s_wt.npy,0.0,0.0,0.0,1.0,0.0036994673,0.0046906103,0.98059374,0.01101612
307016006,6,tess2018349182500-s0006-0000000307016006-0126-s_wt.npy,1.0,0.0,0.0,0.0,0.025424395,0.23645645,0.010512386,0.7276068
349576261,68,tess2023209231226-s0068-0000000349576261-0262-s_wt.npy,0.0,1.0,0.0,0.0,0.00061424606,0.0014936625,0.0022646612,0.9956274
262746281,35,tess2021039152502-s0035-0000000262746281-0205-s_wt.npy,0.0,1.0,0.0,0.0,0.0062597715,0.10445689,0.006114892,0.88316846
288027491,11,tess2019112060037-s0011-0000000288027491-0143-s_wt.npy,1.0,0.0,0.0,0.0,0.70809853,0.019472755,0.012020266,0.26040846
306410072,37,tess2021091135823-s0037-0000000306410072-0208-s_wt.npy,1.0,0.0,0.0,0.0,0.89144266,0.008668496,0.011139378,0.08874946
356240274,25,tess2020133194932-s0025-0000000356240274-0182-s_wt.npy,1.0,0.0,0.0,0.0,0.9711576,0.008418065,0.00688932,0.013534965
358464544,9,tess2019058134432-s0009-0000000358464544-0139-s_wt.npy,0.0,0.0,0.0,1.0,0.0012128406,0.00431364,0.0029662526,0.9915073
50787573,32,tess2020324010417-s0032-0000000050787573-0200-s_wt.npy,0.0,0.0,0.0,1.0,0.012496412,0.005081572,0.0055073,0.97691464
115481900,14,tess2019198215352-s0014-0000000115481900-0150-s_wt.npy,1.0,0.0,0.0,0.0,0.99124444,0.0029297106,0.0010994176,0.0047264895
373052731,32,tess2020324010417-s0032-0000000373052731-0200-s_wt.npy,0.0,0.0,0.0,1.0,0.0036898626,0.0019562754,0.002546442,0.9918074
323292484,12,tess2019140104343-s0012-0000000323292484-0144-s_wt.npy,0.0,0.0,0.0,1.0,0.0070382026,0.0028723893,0.00652628,0.98356307
209752908,41,tess2021204101404-s0041-0000000209752908-0212-s_wt.npy,0.0,1.0,0.0,0.0,0.005961223,0.9383537,0.036372308,0.019312698
272430995,11,tess2019112060037-s0011-0000000272430995-0143-s_wt.npy,0.0,0.0,0.0,1.0,0.0021767656,0.0031656292,0.0026458548,0.9920117
117510145,1,tess2018206045859-s0001-0000000117510145-0120-s_wt.npy,0.0,0.0,1.0,0.0,0.00011762875,0.00036412734,0.99911004,0.00040818358
354605348,2,tess2018234235059-s0002-0000000354605348-0121-s_wt.npy,0.0,0.0,1.0,0.0,0.008073792,0.21941166,0.7351082,0.037406348
355353917,7,tess2019006130736-s0007-0000000355353917-0131-s_wt.npy,0.0,0.0,0.0,1.0,0.016717115,0.01605257,0.045413107,0.92181724
172742334,7,tess2019006130736-s0007-0000000172742334-0131-s_wt.npy,1.0,0.0,0.0,0.0,0.9868498,0.008711855,0.0022561688,0.0021822874
237913194,29,tess2020238165205-s0029-0000000237913194-0193-s_wt.npy,0.0,1.0,0.0,0.0,0.7939508,0.19656093,0.006490016,0.0029982924
358467049,8,tess2019032160000-s0008-0000000358467049-0136-s_wt.npy,0.0,0.0,0.0,1.0,0.0006461103,0.0023425953,0.00052253914,0.9964888
161083755,13,tess2019169103026-s0013-0000000161083755-0146-s_wt.npy,1.0,0.0,0.0,0.0,0.99566877,0.0016912555,0.0016004425,0.0010395657
139233425,1,tess2018206045859-s0001-0000000139233425-0120-s_wt.npy,0.0,0.0,1.0,0.0,0.030108014,0.026971422,0.03563242,0.90728813
143141922,32,tess2020324010417-s0032-0000000143141922-0200-s_wt.npy,0.0,0.0,0.0,1.0,0.0030210454,0.0014958418,0.0022225766,0.99326056
350622185,8,tess2019032160000-s0008-0000000350622185-0136-s_wt.npy,1.0,0.0,0.0,0.0,0.9987244,0.00041095747,0.00037331347,0.00049125287
465250214,10,tess2019085135100-s0010-0000000465250214-0140-s_wt.npy,0.0,0.0,0.0,1.0,0.011129833,0.011921645,0.021469923,0.9554786
468268238,19,tess2019331140908-s0019-0000000468268238-0164-s_wt.npy,0.0,0.0,0.0,1.0,0.0036572597,0.0017389719,0.0030494565,0.9915543
260128333,32,tess2020324010417-s0032-0000000260128333-0200-s_wt.npy,1.0,0.0,0.0,0.0,0.59753263,0.35801107,0.016690891,0.027765464
366484980,44,tess2021284114741-s0044-0000000366484980-0215-s_wt.npy,0.0,1.0,0.0,0.0,0.001344525,0.98722667,0.0022362007,0.0091925915
335630746,37,tess2021091135823-s0037-0000000335630746-0208-s_wt.npy,0.0,1.0,0.0,0.0,0.008625399,0.9864146,0.0029151186,0.002044808
309714906,28,tess2020212050318-s0028-0000000309714906-0190-s_wt.npy,0.0,0.0,0.0,1.0,0.0054819654,0.0011844971,0.003486341,0.98984724
213046690,5,tess2018319095959-s0005-0000000213046690-0125-s_wt.npy,1.0,0.0,0.0,0.0,0.9984773,0.00059544033,0.0005129053,0.0004142794
231922739,34,tess2021014023720-s0034-0000000231922739-0204-s_wt.npy,1.0,0.0,0.0,0.0,0.9973562,0.0010273638,0.0008204986,0.0007959374
140830390,31,tess2020294194027-s0031-0000000140830390-0198-s_wt.npy,1.0,0.0,0.0,0.0,0.18193242,0.52448255,0.25970584,0.03387919
441804888,17,tess2019279210107-s0017-0000000441804888-0161-s_wt.npy,1.0,0.0,0.0,0.0,0.9990804,0.00037471054,0.0002163371,0.00032853725
219326123,1,tess2018206045859-s0001-0000000219326123-0120-s_wt.npy,0.0,0.0,1.0,0.0,0.01742528,0.014676096,0.10058109,0.8673175
206353405,2,tess2018234235059-s0002-0000000206353405-0121-s_wt.npy,0.0,0.0,1.0,0.0,0.012164222,0.004998921,0.0074751517,0.9753617
376939759,42,tess2021232031932-s0042-0000000376939759-0213-s_wt.npy,0.0,1.0,0.0,0.0,0.008476473,0.9876009,0.002491898,0.001430684
233282561,15,tess2019226182529-s0015-0000000233282561-0151-s_wt.npy,1.0,0.0,0.0,0.0,0.5840233,0.014313294,0.028420707,0.37324277
237969900,33,tess2020351194500-s0033-0000000237969900-0203-s_wt.npy,0.0,0.0,0.0,1.0,0.0016908937,0.0007569724,0.0008362552,0.9967159
148180510,7,tess2019006130736-s0007-0000000148180510-0131-s_wt.npy,0.0,0.0,0.0,1.0,0.43374294,0.006868778,0.008466349,0.5509219
349095149,31,tess2020294194027-s0031-0000000349095149-0198-s_wt.npy,0.0,1.0,0.0,0.0,0.0019995421,0.99094325,0.004551731,0.0025053748
441024908,1,tess2018206045859-s0001-0000000441024908-0120-s_wt.npy,0.0,0.0,1.0,0.0,0.001828046,0.87994933,0.11601714,0.0022054694
83914837,11,tess2019112060037-s0011-0000000083914837-0143-s_wt.npy,1.0,0.0,0.0,0.0,0.9969163,0.00058714265,0.0009794412,0.0015170382
300038935,62,tess2023043185947-s0062-0000000300038935-0254-s_wt.npy,0.0,1.0,0.0,0.0,0.0020560476,0.99252266,0.0024877393,0.0029336016
236312126,24,tess2020106103520-s0024-0000000236312126-0180-s_wt.npy,0.0,1.0,0.0,0.0,0.019465836,0.9643546,0.010405891,0.0057737273
144458200,1,tess2018206045859-s0001-0000000144458200-0120-s_wt.npy,0.0,0.0,1.0,0.0,0.00049669476,0.0063985013,0.9920278,0.0010769458
408636441,24,tess2020106103520-s0024-0000000408636441-0180-s_wt.npy,0.0,1.0,0.0,0.0,0.038669314,0.89392555,0.048878156,0.018526992
436651598,32,tess2020324010417-s0032-0000000436651598-0200-s_wt.npy,0.0,0.0,0.0,1.0,0.01552158,0.018590394,0.025088394,0.94079965
149603524,34,tess2021014023720-s0034-0000000149603524-0204-s_wt.npy,0.0,1.0,0.0,0.0,0.042222746,0.9440542,0.008775852,0.00494711
382576388,11,tess2019112060037-s0011-0000000382576388-0143-s_wt.npy,0.0,0.0,0.0,1.0,0.022068914,0.012175193,0.15408172,0.8116742
279362216,2,tess2018234235059-s0002-0000000279362216-0121-s_wt.npy,0.0,0.0,0.0,1.0,0.0134660825,0.0095810825,0.009345246,0.96760756
329538372,11,tess2019112060037-s0011-0000000329538372-0143-s_wt.npy,0.0,0.0,0.0,1.0,0.002412204,0.003475111,0.0029983409,0.9911143
43648757,32,tess2020324010417-s0032-0000000043648757-0200-s_wt.npy,1.0,0.0,0.0,0.0,0.41131923,0.5247859,0.043498278,0.020396613
220407530,2,tess2018234235059-s0002-0000000220407530-0121-s_wt.npy,0.0,0.0,1.0,0.0,0.01040532,0.02555637,0.9370538,0.02698451
60607123,35,tess2021039152502-s0035-0000000060607123-0205-s_wt.npy,0.0,0.0,0.0,1.0,0.007821854,0.0060999882,0.007349943,0.97872823
137683938,41,tess2021204101404-s0041-0000000137683938-0212-s_wt.npy,0.0,1.0,0.0,0.0,0.0027630776,0.9892442,0.0054024984,0.0025902889
382069441,3,tess2018263035959-s0003-0000000382069441-0123-s_wt.npy,1.0,0.0,0.0,0.0,0.0111907525,0.014816483,0.013520653,0.9604721
333473672,57,tess2022273165103-s0057-0000000333473672-0245-s_wt.npy,0.0,1.0,0.0,0.0,0.00079355715,0.9815702,0.00929202,0.008344138
18310799,70,tess2023263165758-s0070-0000000018310799-0265-s_wt.npy,0.0,1.0,0.0,0.0,0.01799658,0.84966505,0.05266261,0.079675764
293507177,1,tess2018206045859-s0001-0000000293507177-0120-s_wt.npy,0.0,0.0,1.0,0.0,0.027032582,0.007314681,0.8840613,0.081591435
61205803,57,tess2022273165103-s0057-0000000061205803-0245-s_wt.npy,0.0,1.0,0.0,0.0,0.00029956913,0.9994542,0.00014797198,9.8266486e-05
293687315,50,tess2022085151738-s0050-0000000293687315-0222-s_wt.npy,0.0,1.0,0.0,0.0,0.005536159,0.9873253,0.0048118504,0.0023266359
38699825,34,tess2021014023720-s0034-0000000038699825-0204-s_wt.npy,1.0,0.0,0.0,0.0,0.9925086,0.0014475923,0.0008155472,0.0052282847
80427866,2,tess2018234235059-s0002-0000000080427866-0121-s_wt.npy,0.0,0.0,1.0,0.0,0.008911264,0.004676835,0.004736351,0.98167557
267846678,11,tess2019112060037-s0011-0000000267846678-0143-s_wt.npy,0.0,0.0,0.0,1.0,0.0038245216,0.0036202385,0.024021951,0.9685333
212957629,42,tess2021232031932-s0042-0000000212957629-0213-s_wt.npy,0.0,1.0,0.0,0.0,0.0040326156,0.9881643,0.0038297514,0.0039733266
358466708,10,tess2019085135100-s0010-0000000358466708-0140-s_wt.npy,0.0,0.0,0.0,1.0,0.0027221586,0.00044324034,0.0020205793,0.99481404
450794865,11,tess2019112060037-s0011-0000000450794865-0143-s_wt.npy,0.0,0.0,0.0,1.0,0.018179748,0.011341346,0.11862202,0.8518569
321857016,24,tess2020106103520-s0024-0000000321857016-0180-s_wt.npy,1.0,0.0,0.0,0.0,0.026687399,0.95951897,0.010220071,0.0035736028
140659978,31,tess2020294194027-s0031-0000000140659978-0198-s_wt.npy,1.0,0.0,0.0,0.0,0.9964258,0.0019107469,0.000602689,0.0010607063
219993473,2,tess2018234235059-s0002-0000000219993473-0121-s_wt.npy,0.0,0.0,1.0,0.0,0.0044975495,0.0035038525,0.98578054,0.00621804
382423333,2,tess2018234235059-s0002-0000000382423333-0121-s_wt.npy,0.0,0.0,1.0,0.0,0.010981181,0.057073466,0.015462557,0.91648275
219328784,1,tess2018206045859-s0001-0000000219328784-0120-s_wt.npy,0.0,0.0,1.0,0.0,0.3009101,0.071235396,0.07464458,0.5532099
399664934,5,tess2018319095959-s0005-0000000399664934-0125-s_wt.npy,0.0,0.0,0.0,1.0,0.01237177,0.95125985,0.009960393,0.026408013
55525572,38,tess2021118034608-s0038-0000000055525572-0209-s_wt.npy,0.0,1.0,0.0,0.0,0.032042637,0.79901046,0.07216995,0.096776895
372913201,31,tess2020294194027-s0031-0000000372913201-0198-s_wt.npy,0.0,0.0,0.0,1.0,0.002569394,0.0020956998,0.0030584398,0.9922765
260304296,2,tess2018234235059-s0002-0000000260304296-0121-s_wt.npy,0.0,0.0,1.0,0.0,0.023410143,0.09179573,0.8250876,0.059706505
194303300,17,tess2019279210107-s0017-0000000194303300-0161-s_wt.npy,1.0,0.0,0.0,0.0,0.0044045956,0.98942775,0.002942525,0.003225155
299220166,54,tess2022190063128-s0054-0000000299220166-0227-s_wt.npy,0.0,1.0,0.0,0.0,0.02097273,0.8630003,0.09071914,0.025307793
232967440,41,tess2021204101404-s0041-0000000232967440-0212-s_wt.npy,0.0,1.0,0.0,0.0,0.0081198905,0.98618394,0.0033876963,0.0023084343
309146836,28,tess2020212050318-s0028-0000000309146836-0190-s_wt.npy,1.0,0.0,0.0,0.0,0.99897623,0.00044571073,0.00020564935,0.00037233173
381458976,5,tess2018319095959-s0005-0000000381458976-0125-s_wt.npy,0.0,0.0,0.0,1.0,0.021049412,0.83048123,0.045295708,0.10317371
17596636,7,tess2019006130736-s0007-0000000017596636-0131-s_wt.npy,0.0,0.0,0.0,1.0,0.06768431,0.31448197,0.029815935,0.5880178
402313695,2,tess2018234235059-s0002-0000000402313695-0121-s_wt.npy,0.0,0.0,1.0,0.0,0.015670722,0.4627911,0.4875807,0.033957493
232634196,22,tess2020049080258-s0022-0000000232634196-0174-s_wt.npy,1.0,0.0,0.0,0.0,0.9900503,0.0019752402,0.0021090587,0.0058653615
394050135,58,tess2022302161335-s0058-0000000394050135-0247-s_wt.npy,0.0,1.0,0.0,0.0,0.00029869936,0.9991122,0.0003283713,0.0002607621
176797815,30,tess2020266004630-s0030-0000000176797815-0195-s_wt.npy,1.0,0.0,0.0,0.0,0.9954573,0.001473314,0.001502182,0.0015672386
259126645,26,tess2020160202036-s0026-0000000259126645-0188-s_wt.npy,1.0,0.0,0.0,0.0,0.9948401,0.002259335,0.0014189514,0.0014816225
375034551,35,tess2021039152502-s0035-0000000375034551-0205-s_wt.npy,0.0,0.0,0.0,1.0,0.011145006,0.0029055078,0.0030372245,0.9829123
291466214,8,tess2019032160000-s0008-0000000291466214-0136-s_wt.npy,1.0,0.0,0.0,0.0,0.99588,0.0014663364,0.0009951844,0.0016585357
411883036,11,tess2019112060037-s0011-0000000411883036-0143-s_wt.npy,0.0,0.0,0.0,1.0,0.004598565,0.0033192514,0.034683872,0.9573983
294092966,33,tess2020351194500-s0033-0000000294092966-0203-s_wt.npy,1.0,0.0,0.0,0.0,0.9966018,0.0008582293,0.0012396446,0.0013003041
368739874,51,tess2022112184951-s0051-0000000368739874-0223-s_wt.npy,0.0,1.0,0.0,0.0,0.21312177,0.71836877,0.05256999,0.015939431
30310995,8,tess2019032160000-s0008-0000000030310995-0136-s_wt.npy,0.0,0.0,0.0,1.0,0.9096471,0.010185155,0.00716717,0.07300066
445859771,50,tess2022085151738-s0050-0000000445859771-0222-s_wt.npy,0.0,1.0,0.0,0.0,0.32759556,0.662329,0.005205176,0.00487028
358516596,54,tess2022190063128-s0054-0000000358516596-0227-s_wt.npy,0.0,1.0,0.0,0.0,0.8030353,0.17945229,0.0075928518,0.009919576
348770361,13,tess2019169103026-s0013-0000000348770361-0146-s_wt.npy,1.0,0.0,0.0,0.0,0.0056390734,0.9761871,0.01065297,0.007520819
138168780,20,tess2019357164649-s0020-0000000138168780-0165-s_wt.npy,0.0,1.0,0.0,0.0,0.11726535,0.85897374,0.01313275,0.010628173
213049140,5,tess2018319095959-s0005-0000000213049140-0125-s_wt.npy,0.0,0.0,0.0,1.0,0.093734406,0.68259734,0.13856988,0.08509843
160328766,32,tess2020324010417-s0032-0000000160328766-0200-s_wt.npy,0.5,0.0,0.0,0.5,0.9949049,0.0030514763,0.00087968673,0.0011639472
347752831,10,tess2019085135100-s0010-0000000347752831-0140-s_wt.npy,1.0,0.0,0.0,0.0,0.01142289,0.86249465,0.06027977,0.06580267
350987976,14,tess2019198215352-s0014-0000000350987976-0150-s_wt.npy,1.0,0.0,0.0,0.0,0.9962613,0.0011492695,0.00079169136,0.0017977513
201753428,2,tess2018234235059-s0002-0000000201753428-0121-s_wt.npy,0.0,0.0,1.0,0.0,0.00829863,0.02531075,0.95068717,0.015703492
5229041,35,tess2021039152502-s0035-0000000005229041-0205-s_wt.npy,0.0,0.0,0.0,1.0,0.00078121,0.0007100558,0.0014822641,0.9970265
269697721,22,tess2020049080258-s0022-0000000269697721-0174-s_wt.npy,1.0,0.0,0.0,0.0,0.9849236,0.007762987,0.003465235,0.003848297
162922904,37,tess2021091135823-s0037-0000000162922904-0208-s_wt.npy,0.0,1.0,0.0,0.0,0.00058131915,0.9985947,0.0003719603,0.0004519676
349095149,28,tess2020212050318-s0028-0000000349095149-0190-s_wt.npy,0.0,1.0,0.0,0.0,0.0047356035,0.98970616,0.0033000445,0.0022581948
38586438,4,tess2018292075959-s0004-0000000038586438-0124-s_wt.npy,1.0,0.0,0.0,0.0,0.9485139,0.027952537,0.0076090856,0.015924448
29778064,30,tess2020266004630-s0030-0000000029778064-0195-s_wt.npy,1.0,0.0,0.0,0.0,0.9945432,0.0015757658,0.0017501705,0.0021308786
405221854,7,tess2019006130736-s0007-0000000405221854-0131-s_wt.npy,0.0,0.0,0.0,1.0,0.005382781,0.014473846,0.014085352,0.96605796
308662088,1,tess2018206045859-s0001-0000000308662088-0120-s_wt.npy,0.0,0.0,1.0,0.0,0.0051575867,0.010972579,0.9664696,0.017400276
407824089,13,tess2019169103026-s0013-0000000407824089-0146-s_wt.npy,1.0,0.0,0.0,0.0,0.978973,0.015386314,0.0012866926,0.0043540127
271999994,2,tess2018234235059-s0002-0000000271999994-0121-s_wt.npy,0.0,0.0,1.0,0.0,0.0011202967,0.0016841304,0.0031467492,0.99404883
309658394,2,tess2018234235059-s0002-0000000309658394-0121-s_wt.npy,0.0,0.0,1.0,0.0,0.0014511289,0.0055376673,0.004034294,0.9889769
88479623,4,tess2018292075959-s0004-0000000088479623-0124-s_wt.npy,1.0,0.0,0.0,0.0,0.9683667,0.017295705,0.0076541593,0.0066835615
62762261,1,tess2018206045859-s0001-0000000062762261-0120-s_wt.npy,1.0,0.0,0.0,0.0,0.99600816,0.0020265027,0.00073178473,0.0012335156
27076023,15,tess2019226182529-s0015-0000000027076023-0151-s_wt.npy,0.0,0.0,0.0,1.0,0.0073126247,0.00267619,0.0043754256,0.98563576
413643467,11,tess2019112060037-s0011-0000000413643467-0143-s_wt.npy,0.0,0.0,0.0,1.0,0.0006903667,0.0007963935,0.0029026219,0.99561065
79927233,34,tess2021014023720-s0034-0000000079927233-0204-s_wt.npy,0.0,0.0,0.0,1.0,0.052297086,0.35924596,0.056968056,0.53148896
114985772,1,tess2018206045859-s0001-0000000114985772-0120-s_wt.npy,0.0,0.0,1.0,0.0,0.03340882,0.015463488,0.845522,0.10560566
266735682,30,tess2020266004630-s0030-0000000266735682-0195-s_wt.npy,1.0,0.0,0.0,0.0,0.9945603,0.0024998675,0.0013100648,0.0016297615
295498106,10,tess2019085135100-s0010-0000000295498106-0140-s_wt.npy,0.0,0.0,0.0,1.0,0.000278437,0.0016693982,0.00096072955,0.9970914
238595984,7,tess2019006130736-s0007-0000000238595984-0131-s_wt.npy,0.0,0.0,0.0,1.0,0.026000133,0.0038478172,0.0052851485,0.96486694
309792357,33,tess2020351194500-s0033-0000000309792357-0203-s_wt.npy,0.0,1.0,0.0,0.0,0.048996486,0.30480775,0.22520065,0.42099515
410654298,37,tess2021091135823-s0037-0000000410654298-0208-s_wt.npy,1.0,0.0,0.0,0.0,0.9913776,0.0061462205,0.00053456204,0.0019416069
76743692,9,tess2019058134432-s0009-0000000076743692-0139-s_wt.npy,0.0,0.0,0.0,1.0,0.01605797,0.0037275776,0.0034545346,0.97675997
158657354,41,tess2021204101404-s0041-0000000158657354-0212-s_wt.npy,0.0,1.0,0.0,0.0,0.0018233251,0.993765,0.002139201,0.0022724315
281541545,68,tess2023209231226-s0068-0000000281541545-0262-s_wt.npy,0.0,1.0,0.0,0.0,0.027997272,0.9504715,0.012608662,0.00892252
13349647,34,tess2021014023720-s0034-0000000013349647-0204-s_wt.npy,0.0,1.0,0.0,0.0,0.056691654,0.930401,0.0069159796,0.0059913406
364120439,17,tess2019279210107-s0017-0000000364120439-0161-s_wt.npy,1.0,0.0,0.0,0.0,0.9682692,0.019414062,0.0037260212,0.008590752
425166925,7,tess2019006130736-s0007-0000000425166925-0131-s_wt.npy,1.0,0.0,0.0,0.0,0.9401069,0.01477278,0.0097958585,0.035324372
307783750,32,tess2020324010417-s0032-0000000307783750-0200-s_wt.npy,1.0,0.0,0.0,0.0,0.72227144,0.006722032,0.015030275,0.2559762
138168780,60,tess2022357055054-s0060-0000000138168780-0249-s_wt.npy,0.0,1.0,0.0,0.0,0.03949251,0.94792336,0.0072836825,0.005300402
268159158,41,tess2021204101404-s0041-0000000268159158-0212-s_wt.npy,0.0,1.0,0.0,0.0,0.0015546844,0.99627894,0.0012524484,0.0009138965
342888057,35,tess2021039152502-s0035-0000000342888057-0205-s_wt.npy,0.0,0.0,0.0,1.0,0.0060939793,0.011562489,0.017708635,0.9646349
204317710,29,tess2020238165205-s0029-0000000204317710-0193-s_wt.npy,0.0,1.0,0.0,0.0,0.045046143,0.9458182,0.00457869,0.0045570433
253577328,13,tess2019169103026-s0013-0000000253577328-0146-s_wt.npy,0.0,0.0,0.0,1.0,0.026565058,0.087588295,0.44610202,0.4397446
80181457,35,tess2021039152502-s0035-0000000080181457-0205-s_wt.npy,0.0,0.0,0.0,1.0,0.031173527,0.11873424,0.008044483,0.8420478
232062375,1,tess2018206045859-s0001-0000000232062375-0120-s_wt.npy,0.0,0.0,1.0,0.0,0.0026262698,0.0033669642,0.0058777574,0.9881291
271168962,64,tess2023096110322-s0064-0000000271168962-0257-s_wt.npy,0.0,1.0,0.0,0.0,0.004809528,0.9882917,0.0038247223,0.0030741065
140691463,63,tess2023069172124-s0063-0000000140691463-0255-s_wt.npy,0.0,1.0,0.0,0.0,0.0002605353,0.9992499,0.0003635157,0.00012598977
158491288,26,tess2020160202036-s0026-0000000158491288-0188-s_wt.npy,1.0,0.0,0.0,0.0,0.9921272,0.004495728,0.00071607216,0.002661032
233211759,22,tess2020049080258-s0022-0000000233211759-0174-s_wt.npy,1.0,0.0,0.0,0.0,0.008076119,0.9527355,0.0073428513,0.03184558
406403791,2,tess2018234235059-s0002-0000000406403791-0121-s_wt.npy,0.0,0.0,1.0,0.0,0.0027315912,0.0027487953,0.1426145,0.8519051
4289378,32,tess2020324010417-s0032-0000000004289378-0200-s_wt.npy,0.0,0.0,0.0,1.0,0.004084659,0.0064126574,0.97739124,0.012111411
272324340,18,tess2019306063752-s0018-0000000272324340-0162-s_wt.npy,1.0,0.0,0.0,0.0,0.95685065,0.01325539,0.0120262625,0.01786763
55383975,11,tess2019112060037-s0011-0000000055383975-0143-s_wt.npy,1.0,0.0,0.0,0.0,0.039191004,0.94907904,0.0078491615,0.003880802
201248411,29,tess2020238165205-s0029-0000000201248411-0193-s_wt.npy,0.0,1.0,0.0,0.0,0.0105923815,0.09645563,0.030251227,0.86270076
137151335,74,tess2024003055635-s0074-0000000137151335-0269-s_wt.npy,0.0,1.0,0.0,0.0,0.005842677,0.9375179,0.01935437,0.037285127
353854078,26,tess2020160202036-s0026-0000000353854078-0188-s_wt.npy,1.0,0.0,0.0,0.0,0.998626,0.0004660991,0.00048391332,0.0004240577
399402994,54,tess2022190063128-s0054-0000000399402994-0227-s_wt.npy,0.0,1.0,0.0,0.0,0.019124435,0.9183569,0.03220521,0.030313406
121119758,14,tess2019198215352-s0014-0000000121119758-0150-s_wt.npy,1.0,0.0,0.0,0.0,0.02042025,0.0035379045,0.005538049,0.9705038
204317710,2,tess2018234235059-s0002-0000000204317710-0121-s_wt.npy,0.0,1.0,0.0,0.0,0.08826803,0.8502599,0.04147812,0.019994004
224244458,2,tess2018234235059-s0002-0000000224244458-0121-s_wt.npy,0.0,0.0,1.0,0.0,0.006939294,0.013273167,0.5734483,0.40633926
161174286,1,tess2018206045859-s0001-0000000161174286-0120-s_wt.npy,0.0,0.0,1.0,0.0,0.0019512114,0.0042141564,0.98905176,0.00478289
22529346,33,tess2020351194500-s0033-0000000022529346-0203-s_wt.npy,0.0,1.0,0.0,0.0,0.010071151,0.9864271,0.0018193097,0.0016824612
162922904,36,tess2021065132309-s0036-0000000162922904-0207-s_wt.npy,0.0,1.0,0.0,0.0,0.0050410326,0.990173,0.0022427924,0.002543115
179637488,13,tess2019169103026-s0013-0000000179637488-0146-s_wt.npy,1.0,0.0,0.0,0.0,0.02222545,0.008801684,0.022617295,0.9463555
48217457,53,tess2022164095748-s0053-0000000048217457-0226-s_wt.npy,0.0,1.0,0.0,0.0,0.0056206007,0.9478114,0.0098283095,0.036739696
190693377,16,tess2019253231442-s0016-0000000190693377-0152-s_wt.npy,1.0,0.0,0.0,0.0,0.9560432,0.035731506,0.0044849114,0.0037404068
350146388,5,tess2018319095959-s0005-0000000350146388-0125-s_wt.npy,0.0,0.0,0.0,1.0,0.0025220774,0.0033276554,0.0036583042,0.9904919
404421005,10,tess2019085135100-s0010-0000000404421005-0140-s_wt.npy,0.0,1.0,0.0,0.0,0.9847243,0.009568882,0.0013521088,0.0043547503
229510866,50,tess2022085151738-s0050-0000000229510866-0222-s_wt.npy,0.0,1.0,0.0,0.0,0.012882388,0.98003024,0.004509476,0.0025779302
393124528,6,tess2018349182500-s0006-0000000393124528-0126-s_wt.npy,0.0,0.0,0.0,1.0,0.012577499,0.0021682575,0.002517525,0.9827367
50526546,6,tess2018349182500-s0006-0000000050526546-0126-s_wt.npy,0.0,0.0,0.0,1.0,0.0012624157,0.0016856602,0.0016178665,0.995434
269792900,2,tess2018234235059-s0002-0000000269792900-0121-s_wt.npy,0.0,0.0,1.0,0.0,0.0058858516,0.989096,0.0030755992,0.0019427203
259098122,14,tess2019198215352-s0014-0000000259098122-0150-s_wt.npy,0.0,0.0,0.0,1.0,0.017194496,0.0145418225,0.036495555,0.9317681
234292783,1,tess2018206045859-s0001-0000000234292783-0120-s_wt.npy,0.0,0.0,1.0,0.0,0.017669838,0.007417672,0.94121164,0.03370091
139131482,1,tess2018206045859-s0001-0000000139131482-0120-s_wt.npy,0.0,0.0,1.0,0.0,0.010919993,0.013574211,0.023970837,0.9515349
114648049,7,tess2019006130736-s0007-0000000114648049-0131-s_wt.npy,0.0,0.0,0.0,1.0,0.0014492038,0.0016667958,0.0051132864,0.99177074
156942509,33,tess2020351194500-s0033-0000000156942509-0203-s_wt.npy,0.0,0.0,0.0,1.0,0.0026997018,0.9913532,0.0036149472,0.0023321642
300560295,32,tess2020324010417-s0032-0000000300560295-0200-s_wt.npy,1.0,0.0,0.0,0.0,0.999316,0.00054062856,4.8800634e-05,9.454729e-05
230114503,19,tess2019331140908-s0019-0000000230114503-0164-s_wt.npy,1.0,0.0,0.0,0.0,0.053591922,0.0271181,0.015067619,0.9042223
219373406,3,tess2018263035959-s0003-0000000219373406-0123-s_wt.npy,1.0,0.0,0.0,0.0,0.99597013,0.0013261989,0.00115475,0.0015489
16728252,14,tess2019198215352-s0014-0000000016728252-0150-s_wt.npy,1.0,0.0,0.0,0.0,0.923137,0.011505236,0.008826883,0.056530878
150143137,35,tess2021039152502-s0035-0000000150143137-0205-s_wt.npy,0.0,0.0,0.0,1.0,0.018206213,0.0019787617,0.013575242,0.9662398
74279530,35,tess2021039152502-s0035-0000000074279530-0205-s_wt.npy,0.0,0.0,0.0,1.0,0.0028042598,0.0028580285,0.006562911,0.9877747
219854185,23,tess2020078014623-s0023-0000000219854185-0177-s_wt.npy,0.0,1.0,0.0,0.0,0.0025633976,0.9937913,0.0016348907,0.002010391
161563111,14,tess2019198215352-s0014-0000000161563111-0150-s_wt.npy,1.0,0.0,0.0,0.0,0.9930293,0.0005593946,0.00042156034,0.005989855
201289286,2,tess2018234235059-s0002-0000000201289286-0121-s_wt.npy,0.0,0.0,1.0,0.0,0.016691303,0.021995485,0.786246,0.17506717
89428764,1,tess2018206045859-s0001-0000000089428764-0120-s_wt.npy,1.0,0.0,0.0,0.0,0.9576385,0.01753737,0.016132394,0.008691593
35655828,9,tess2019058134432-s0009-0000000035655828-0139-s_wt.npy,1.0,0.0,0.0,0.0,0.9933696,0.004050644,0.00092917343,0.0016505867
229710546,23,tess2020078014623-s0023-0000000229710546-0177-s_wt.npy,0.0,0.0,0.0,1.0,0.064119,0.013280308,0.038280472,0.88432014
308537791,4,tess2018292075959-s0004-0000000308537791-0124-s_wt.npy,0.0,0.0,0.0,1.0,0.32047975,0.067695394,0.024525804,0.5872991
410451083,34,tess2021014023720-s0034-0000000410451083-0204-s_wt.npy,0.0,0.0,0.0,1.0,0.9920323,0.002841167,0.0022175123,0.0029090927
278683641,30,tess2020266004630-s0030-0000000278683641-0195-s_wt.npy,1.0,0.0,0.0,0.0,0.9966433,0.0015108116,0.0010170982,0.00082881626
241755717,11,tess2019112060037-s0011-0000000241755717-0143-s_wt.npy,0.0,0.0,0.0,1.0,0.0030913344,0.00078440865,0.0011764301,0.9949478
296012680,16,tess2019253231442-s0016-0000000296012680-0152-s_wt.npy,1.0,0.0,0.0,0.0,0.006718494,0.95997643,0.023842147,0.009462873
99041233,12,tess2019140104343-s0012-0000000099041233-0144-s_wt.npy,0.0,0.0,0.0,1.0,0.0038150253,0.003409317,0.049416333,0.9433594
411422518,11,tess2019112060037-s0011-0000000411422518-0143-s_wt.npy,0.0,0.0,0.0,1.0,0.14209224,0.8158901,0.030568855,0.011448894
321669174,47,tess2021364111932-s0047-0000000321669174-0218-s_wt.npy,0.0,1.0,0.0,0.0,0.003083307,0.9873158,0.006883782,0.0027171855
349274787,27,tess2020186164531-s0027-0000000349274787-0189-s_wt.npy,0.0,0.0,0.0,1.0,0.004962094,0.0056588077,0.0044723423,0.98490673
190496853,35,tess2021039152502-s0035-0000000190496853-0205-s_wt.npy,0.0,1.0,0.0,0.0,0.04223651,0.13622704,0.030821396,0.7907151
358467700,10,tess2019085135100-s0010-0000000358467700-0140-s_wt.npy,0.0,0.0,0.0,1.0,0.034682766,0.0052465745,0.010036896,0.9500337
183532609,2,tess2018234235059-s0002-0000000183532609-0121-s_wt.npy,0.0,1.0,0.0,0.0,0.87884647,0.10861538,0.005243447,0.007294737
55252407,8,tess2019032160000-s0008-0000000055252407-0136-s_wt.npy,1.0,0.0,0.0,0.0,0.98305297,0.008951371,0.003666771,0.0043290146
145762697,8,tess2019032160000-s0008-0000000145762697-0136-s_wt.npy,1.0,0.0,0.0,0.0,0.02329056,0.017568706,0.004944126,0.95419663
11748495,35,tess2021039152502-s0035-0000000011748495-0205-s_wt.npy,1.0,0.0,0.0,0.0,0.9896884,0.0019226591,0.001548325,0.006840634
229742722,26,tess2020160202036-s0026-0000000229742722-0188-s_wt.npy,0.0,1.0,0.0,0.0,0.0016260737,0.99341005,0.0020961647,0.0028676009
233615823,25,tess2020133194932-s0025-0000000233615823-0182-s_wt.npy,0.0,0.0,0.0,1.0,0.0037212605,0.0022025062,0.0040060026,0.9900703
251829135,2,tess2018234235059-s0002-0000000251829135-0121-s_wt.npy,1.0,0.0,0.0,0.0,0.9834115,0.006419773,0.004140354,0.006028444
397184624,20,tess2019357164649-s0020-0000000397184624-0165-s_wt.npy,1.0,0.0,0.0,0.0,0.9957392,0.0010692267,0.0012932697,0.0018982495
358465355,9,tess2019058134432-s0009-0000000358465355-0139-s_wt.npy,1.0,0.0,0.0,0.0,0.038285382,0.40206075,0.12818518,0.43146867
288473525,7,tess2019006130736-s0007-0000000288473525-0131-s_wt.npy,0.0,0.0,0.0,1.0,0.016454652,0.00082729076,0.0028954411,0.9798226
349518145,11,tess2019112060037-s0011-0000000349518145-0143-s_wt.npy,1.0,0.0,0.0,0.0,0.9343916,0.061108883,0.0024271696,0.002072385
34068865,36,tess2021065132309-s0036-0000000034068865-0207-s_wt.npy,0.0,1.0,0.0,0.0,0.00900529,0.8385241,0.13408886,0.018381756
400861216,10,tess2019085135100-s0010-0000000400861216-0140-s_wt.npy,0.0,0.0,0.0,1.0,0.75610816,0.016591411,0.016310371,0.21099
366411016,34,tess2021014023720-s0034-0000000366411016-0204-s_wt.npy,0.0,1.0,0.0,0.0,0.042105883,0.74375015,0.047051977,0.16709197
232608943,58,tess2022302161335-s0058-0000000232608943-0247-s_wt.npy,0.0,1.0,0.0,0.0,0.00050771714,0.99879766,0.00036633512,0.00032829956
264461976,32,tess2020324010417-s0032-0000000264461976-0200-s_wt.npy,0.0,0.0,0.0,1.0,0.19708963,0.0073247356,0.06632526,0.7292604
339960875,7,tess2019006130736-s0007-0000000339960875-0131-s_wt.npy,0.0,0.0,0.0,1.0,0.0077881576,0.0018667937,0.07426888,0.9160761
343173162,24,tess2020106103520-s0024-0000000343173162-0180-s_wt.npy,0.0,0.0,0.0,1.0,0.002038471,0.002082314,0.00681875,0.9890605
350073391,26,tess2020160202036-s0026-0000000350073391-0188-s_wt.npy,0.0,0.0,0.0,1.0,0.012404972,0.012654018,0.016371792,0.9585692
59843967,6,tess2018349182500-s0006-0000000059843967-0126-s_wt.npy,0.0,1.0,0.0,0.0,0.052563556,0.9198099,0.01621233,0.0114143295
